baostock_code,symbol,stock_name,instrument_type,first_date,last_date,number_of_rows,trading_rows,coverage_status
sh.000300,000300.SH,CSI 300,INDEX,2022-01-13,2026-09-08,1128,1128,AVAILABLE
sh.600009,600009.SS,上海机场,STOCK,2022-01-13,2026-09-08,1128,1127,AVAILABLE
sh.600015,600015.SS,华夏银行,STOCK,2022-01-13,2026-09-08,1128,1128,AVAILABLE
sh.600018,600018.SS,上港集团,STOCK,2022-01-13,2026-09-08,1128,1128,AVAILABLE
sh.600019,600019.SS,宝钢股份,STOCK,2022-01-13,2026-09-08,1128,1128,AVAILABLE
sh.600031,600031.SS,三一重工,STOCK,2022-01-13,2026-09-08,1128,1128,AVAILABLE
sh.600048,600048.SS,保利发展,STOCK,2022-01-13,2026-09-08,1128,1128,AVAILABLE
sh.600050,600050.SS,中国联通,STOCK,2022-01-13,2026-09-08,1128,1128,AVAILABLE
sh.600061,600061.SS,国投资本,STOCK,2022-01-13,2026-09-08,1128,1128,AVAILABLE
sh.600085,600085.SS,同仁堂,STOCK,2022-01-13,2026-09-08,1128,1128,AVAILABLE
sh.600089,600089.SS,特变电工,STOCK,2022-01-13,2026-09-08,1128,1128,AVAILABLE
sh.600104,600104.SS,上汽集团,STOCK,2022-01-13,2026-09-08,1128,1128,AVAILABLE
sh.600111,600111.SS,北方稀土,STOCK,2022-01-13,2026-09-08,1128,1128,AVAILABLE
sh.600143,600143.SS,金发科技,STOCK,2022-01-13,2026-09-08,1128,1128,AVAILABLE
sh.600161,600161.SS,天坛生物,STOCK,2022-01-13,2026-09-08,1128,1128,AVAILABLE
sh.600183,600183.SS,生益科技,STOCK,2022-01-13,2026-09-08,1128,1128,AVAILABLE
sh.600196,600196.SS,复星医药,STOCK,2022-01-13,2026-09-08,1128,1128,AVAILABLE
sh.600219,600219.SS,南山铝业,STOCK,2022-01-13,2026-09-08,1128,1128,AVAILABLE
sh.600276,600276.SS,恒瑞医药,STOCK,2022-01-13,2026-09-08,1128,1128,AVAILABLE
sh.600332,600332.SS,白云山,STOCK,2022-01-13,2026-09-08,1128,1128,AVAILABLE
sh.600346,600346.SS,恒力石化,STOCK,2022-01-13,2026-09-08,1128,1128,AVAILABLE
sh.600352,600352.SS,浙江龙盛,STOCK,2022-01-13,2026-09-08,1128,1128,AVAILABLE
sh.600362,600362.SS,江西铜业,STOCK,2022-01-13,2026-09-08,1128,1128,AVAILABLE
sh.600383,600383.SS,金地集团,STOCK,2022-01-13,2026-09-08,1128,1128,AVAILABLE
sh.600406,600406.SS,国电南瑞,STOCK,2022-01-13,2026-09-08,1128,1128,AVAILABLE
sh.600426,600426.SS,华鲁恒升,STOCK,2022-01-13,2026-09-08,1128,1128,AVAILABLE
sh.600438,600438.SS,通威股份,STOCK,2022-01-13,2026-09-08,1128,1118,AVAILABLE
sh.600489,600489.SS,中金黄金,STOCK,2022-01-13,2026-09-08,1128,1128,AVAILABLE
sh.600515,600515.SS,海南机场,STOCK,2022-01-13,2026-09-08,1128,1126,AVAILABLE
sh.600570,600570.SS,恒生电子,STOCK,2022-01-13,2026-09-08,1128,1128,AVAILABLE
sh.600585,600585.SS,海螺水泥,STOCK,2022-01-13,2026-09-08,1128,1128,AVAILABLE
sh.600600,600600.SS,青岛啤酒,STOCK,2022-01-13,2026-09-08,1128,1128,AVAILABLE
sh.600606,600606.SS,绿地控股,STOCK,2022-01-13,2026-09-08,1128,1128,AVAILABLE
sh.600655,600655.SS,豫园股份,STOCK,2022-01-13,2026-09-08,1128,1128,AVAILABLE
sh.600660,600660.SS,福耀玻璃,STOCK,2022-01-13,2026-09-08,1128,1128,AVAILABLE
sh.600690,600690.SS,海尔智家,STOCK,2022-01-13,2026-09-08,1128,1128,AVAILABLE
sh.600741,600741.SS,华域汽车,STOCK,2022-01-13,2026-09-08,1128,1128,AVAILABLE
sh.600845,600845.SS,宝信软件,STOCK,2022-01-13,2026-09-08,1128,1128,AVAILABLE
sh.600848,600848.SS,上海临港,STOCK,2022-01-13,2026-09-08,1128,1128,AVAILABLE
sh.600875,600875.SS,东方电气,STOCK,2022-01-13,2026-09-08,1128,1128,AVAILABLE
sh.600884,600884.SS,杉杉股份,STOCK,2022-01-13,2026-09-08,1128,1128,AVAILABLE
sh.600886,600886.SS,国投电力,STOCK,2022-01-13,2026-09-08,1128,1128,AVAILABLE
sh.600893,600893.SS,航发动力,STOCK,2022-01-13,2026-09-08,1128,1128,AVAILABLE
sh.600941,600941.SS,中国移动,STOCK,2022-01-13,2026-09-08,1128,1128,AVAILABLE
sh.600999,600999.SS,招商证券,STOCK,2022-01-13,2026-09-08,1128,1128,AVAILABLE
sh.601006,601006.SS,大秦铁路,STOCK,2022-01-13,2026-09-08,1128,1128,AVAILABLE
sh.601018,601018.SS,宁波港,STOCK,2022-01-13,2026-09-08,1128,1128,AVAILABLE
sh.601100,601100.SS,恒立液压,STOCK,2022-01-13,2026-09-08,1128,1128,AVAILABLE
sh.601138,601138.SS,工业富联,STOCK,2022-01-13,2026-09-08,1128,1128,AVAILABLE
sh.601186,601186.SS,中国铁建,STOCK,2022-01-13,2026-09-08,1128,1128,AVAILABLE
sh.601211,601211.SS,国泰君安,STOCK,2022-01-13,2026-09-08,1128,1109,AVAILABLE
sh.601216,601216.SS,君正集团,STOCK,2022-01-13,2026-09-08,1128,1128,AVAILABLE
sh.601231,601231.SS,环旭电子,STOCK,2022-01-13,2026-09-08,1128,1128,AVAILABLE
sh.601238,601238.SS,广汽集团,STOCK,2022-01-13,2026-09-08,1128,1128,AVAILABLE
sh.601298,601298.SS,青岛港,STOCK,2022-01-13,2026-09-08,1128,1122,AVAILABLE
sh.601319,601319.SS,中国人保,STOCK,2022-01-13,2026-09-08,1128,1128,AVAILABLE
sh.601360,601360.SS,三六零,STOCK,2022-01-13,2026-09-08,1128,1128,AVAILABLE
sh.601377,601377.SS,兴业证券,STOCK,2022-01-13,2026-09-08,1128,1122,AVAILABLE
sh.601600,601600.SS,中国铝业,STOCK,2022-01-13,2026-09-08,1128,1128,AVAILABLE
sh.601607,601607.SS,上海医药,STOCK,2022-01-13,2026-09-08,1128,1128,AVAILABLE
sh.601668,601668.SS,中国建筑,STOCK,2022-01-13,2026-09-08,1128,1128,AVAILABLE
sh.601669,601669.SS,中国电建,STOCK,2022-01-13,2026-09-08,1128,1128,AVAILABLE
sh.601688,601688.SS,华泰证券,STOCK,2022-01-13,2026-09-08,1128,1128,AVAILABLE
sh.601728,601728.SS,中国电信,STOCK,2022-01-13,2026-09-08,1128,1128,AVAILABLE
sh.601766,601766.SS,中国中车,STOCK,2022-01-13,2026-09-08,1128,1128,AVAILABLE
sh.601800,601800.SS,中国交建,STOCK,2022-01-13,2026-09-08,1128,1128,AVAILABLE
sh.601838,601838.SS,成都银行,STOCK,2022-01-13,2026-09-08,1128,1128,AVAILABLE
sh.601865,601865.SS,福莱特,STOCK,2022-01-13,2026-09-08,1128,1128,AVAILABLE
sh.601877,601877.SS,正泰电器,STOCK,2022-01-13,2026-09-08,1128,1128,AVAILABLE
sh.601881,601881.SS,中国银河,STOCK,2022-01-13,2026-09-08,1128,1128,AVAILABLE
sh.601966,601966.SS,玲珑轮胎,STOCK,2022-01-13,2026-09-08,1128,1128,AVAILABLE
sh.603195,603195.SS,公牛集团,STOCK,2022-01-13,2026-09-08,1128,1128,AVAILABLE
sh.603259,603259.SS,药明康德,STOCK,2022-01-13,2026-09-08,1128,1128,AVAILABLE
sh.603260,603260.SS,合盛硅业,STOCK,2022-01-13,2026-09-08,1128,1128,AVAILABLE
sh.603296,603296.SS,华勤技术,STOCK,2023-08-08,2026-09-08,749,749,AVAILABLE
sh.603369,603369.SS,今世缘,STOCK,2022-01-13,2026-09-08,1128,1128,AVAILABLE
sh.603659,603659.SS,璞泰来,STOCK,2022-01-13,2026-09-08,1128,1128,AVAILABLE
sh.603799,603799.SS,华友钴业,STOCK,2022-01-13,2026-09-08,1128,1128,AVAILABLE
sh.603806,603806.SS,福斯特,STOCK,2022-01-13,2026-09-08,1128,1128,AVAILABLE
sh.603882,603882.SS,金域医学,STOCK,2022-01-13,2026-09-08,1128,1128,AVAILABLE
sh.605499,605499.SS,东鹏饮料,STOCK,2022-01-13,2026-09-08,1128,1128,AVAILABLE
sh.688009,688009.SS,中国通号,STOCK,2022-01-13,2026-09-08,1128,1128,AVAILABLE
sh.688187,688187.SS,时代电气,STOCK,2022-01-13,2026-09-08,1128,1128,AVAILABLE
sh.688271,688271.SS,联影医疗,STOCK,2022-08-22,2026-09-08,982,982,AVAILABLE
sh.688303,688303.SS,大全能源,STOCK,2022-01-13,2026-09-08,1128,1128,AVAILABLE
sh.688396,688396.SS,华润微,STOCK,2022-01-13,2026-09-08,1128,1128,AVAILABLE
sh.688561,688561.SS,奇安信,STOCK,2022-01-13,2026-09-08,1128,1128,AVAILABLE
sh.688599,688599.SS,天合光能,STOCK,2022-01-13,2026-09-08,1128,1128,AVAILABLE
sz.000069,000069.SZ,华侨城A,STOCK,2022-01-13,2026-09-08,1128,1128,AVAILABLE
sz.000157,000157.SZ,中联重科,STOCK,2022-01-13,2026-09-08,1128,1128,AVAILABLE
sz.000333,000333.SZ,美的集团,STOCK,2022-01-13,2026-09-08,1128,1128,AVAILABLE
sz.000338,000338.SZ,潍柴动力,STOCK,2022-01-13,2026-09-08,1128,1128,AVAILABLE
sz.000408,000408.SZ,藏格矿业,STOCK,2022-01-13,2026-09-08,1128,1123,AVAILABLE
sz.000425,000425.SZ,徐工机械,STOCK,2022-01-13,2026-09-08,1128,1115,AVAILABLE
sz.000538,000538.SZ,云南白药,STOCK,2022-01-13,2026-09-08,1128,1128,AVAILABLE
sz.000568,000568.SZ,泸州老窖,STOCK,2022-01-13,2026-09-08,1128,1128,AVAILABLE
sz.000596,000596.SZ,古井贡酒,STOCK,2022-01-13,2026-09-08,1128,1128,AVAILABLE
sz.000651,000651.SZ,格力电器,STOCK,2022-01-13,2026-09-08,1128,1128,AVAILABLE
sz.000708,000708.SZ,中信特钢,STOCK,2022-01-13,2026-09-08,1128,1128,AVAILABLE
sz.000725,000725.SZ,京东方A,STOCK,2022-01-13,2026-09-08,1128,1128,AVAILABLE
sz.000768,000768.SZ,中航西飞,STOCK,2022-01-13,2026-09-08,1128,1128,AVAILABLE
sz.000776,000776.SZ,广发证券,STOCK,2022-01-13,2026-09-08,1128,1128,AVAILABLE
sz.000792,000792.SZ,盐湖股份,STOCK,2022-01-13,2026-09-08,1128,1128,AVAILABLE
sz.000800,000800.SZ,一汽解放,STOCK,2022-01-13,2026-09-08,1128,1128,AVAILABLE
sz.000807,000807.SZ,云铝股份,STOCK,2022-01-13,2026-09-08,1128,1128,AVAILABLE
sz.000876,000876.SZ,新希望,STOCK,2022-01-13,2026-09-08,1128,1128,AVAILABLE
sz.000895,000895.SZ,双汇发展,STOCK,2022-01-13,2026-09-08,1128,1128,AVAILABLE
sz.000999,000999.SZ,华润三九,STOCK,2022-01-13,2026-09-08,1128,1128,AVAILABLE
sz.001979,001979.SZ,招商蛇口,STOCK,2022-01-13,2026-09-08,1128,1118,AVAILABLE
sz.002001,002001.SZ,新和成,STOCK,2022-01-13,2026-09-08,1128,1128,AVAILABLE
sz.002027,002027.SZ,分众传媒,STOCK,2022-01-13,2026-09-08,1128,1128,AVAILABLE
sz.002032,002032.SZ,苏泊尔,STOCK,2022-01-13,2026-09-08,1128,1128,AVAILABLE
sz.002044,002044.SZ,美年健康,STOCK,2022-01-13,2026-09-08,1128,1128,AVAILABLE
sz.002064,002064.SZ,华峰化学,STOCK,2022-01-13,2026-09-08,1128,1124,AVAILABLE
sz.002120,002120.SZ,韵达股份,STOCK,2022-01-13,2026-09-08,1128,1128,AVAILABLE
sz.002129,002129.SZ,TCL中环,STOCK,2022-01-13,2026-09-08,1128,1128,AVAILABLE
sz.002179,002179.SZ,中航光电,STOCK,2022-01-13,2026-09-08,1128,1128,AVAILABLE
sz.002202,002202.SZ,金风科技,STOCK,2022-01-13,2026-09-08,1128,1128,AVAILABLE
sz.002236,002236.SZ,大华股份,STOCK,2022-01-13,2026-09-08,1128,1128,AVAILABLE
sz.002252,002252.SZ,上海莱士,STOCK,2022-01-13,2026-09-08,1128,1118,AVAILABLE
sz.002304,002304.SZ,洋河股份,STOCK,2022-01-13,2026-09-08,1128,1128,AVAILABLE
sz.002311,002311.SZ,海大集团,STOCK,2022-01-13,2026-09-08,1128,1128,AVAILABLE
sz.002352,002352.SZ,顺丰控股,STOCK,2022-01-13,2026-09-08,1128,1128,AVAILABLE
sz.002410,002410.SZ,广联达,STOCK,2022-01-13,2026-09-08,1128,1128,AVAILABLE
sz.002415,002415.SZ,海康威视,STOCK,2022-01-13,2026-09-08,1128,1128,AVAILABLE
sz.002459,002459.SZ,晶澳科技,STOCK,2022-01-13,2026-09-08,1128,1128,AVAILABLE
sz.002555,002555.SZ,三七互娱,STOCK,2022-01-13,2026-09-08,1128,1128,AVAILABLE
sz.002558,002558.SZ,巨人网络,STOCK,2022-01-13,2026-09-08,1128,1128,AVAILABLE
sz.002601,002601.SZ,龙佰集团,STOCK,2022-01-13,2026-09-08,1128,1128,AVAILABLE
sz.002602,002602.SZ,世纪华通,STOCK,2022-01-13,2026-09-08,1128,1126,AVAILABLE
sz.002648,002648.SZ,卫星化学,STOCK,2022-01-13,2026-09-08,1128,1128,AVAILABLE
sz.002736,002736.SZ,国信证券,STOCK,2022-01-13,2026-09-08,1128,1118,AVAILABLE
sz.002841,002841.SZ,视源股份,STOCK,2022-01-13,2026-09-08,1128,1128,AVAILABLE
sz.002916,002916.SZ,深南电路,STOCK,2022-01-13,2026-09-08,1128,1128,AVAILABLE
sz.002920,002920.SZ,德赛西威,STOCK,2022-01-13,2026-09-08,1128,1128,AVAILABLE
sz.002938,002938.SZ,鹏鼎控股,STOCK,2022-01-13,2026-09-08,1128,1128,AVAILABLE
sz.003816,003816.SZ,中国广核,STOCK,2022-01-13,2026-09-08,1128,1128,AVAILABLE
sz.300316,300316.SZ,晶盛机电,STOCK,2022-01-13,2026-09-08,1128,1128,AVAILABLE
sz.300408,300408.SZ,三环集团,STOCK,2022-01-13,2026-09-08,1128,1128,AVAILABLE
sz.300413,300413.SZ,芒果超媒,STOCK,2022-01-13,2026-09-08,1128,1128,AVAILABLE
sz.300433,300433.SZ,蓝思科技,STOCK,2022-01-13,2026-09-08,1128,1128,AVAILABLE
sz.300450,300450.SZ,先导智能,STOCK,2022-01-13,2026-09-08,1128,1128,AVAILABLE
sz.300496,300496.SZ,中科创达,STOCK,2022-01-13,2026-09-08,1128,1128,AVAILABLE
sz.300498,300498.SZ,温氏股份,STOCK,2022-01-13,2026-09-08,1128,1128,AVAILABLE
sz.300529,300529.SZ,健帆生物,STOCK,2022-01-13,2026-09-08,1128,1128,AVAILABLE
sz.300558,300558.SZ,贝达药业,STOCK,2022-01-13,2026-09-08,1128,1128,AVAILABLE
sz.300628,300628.SZ,亿联网络,STOCK,2022-01-13,2026-09-08,1128,1128,AVAILABLE
sz.300751,300751.SZ,迈为股份,STOCK,2022-01-13,2026-09-08,1128,1128,AVAILABLE
sz.300760,300760.SZ,迈瑞医疗,STOCK,2022-01-13,2026-09-08,1128,1128,AVAILABLE
sz.300763,300763.SZ,锦浪科技,STOCK,2022-01-13,2026-09-08,1128,1128,AVAILABLE
sz.300919,300919.SZ,中伟股份,STOCK,2022-01-13,2026-09-08,1128,1128,AVAILABLE
