date,baostock_code,symbol,stock_name,open,high,low,close,pre_close,pct_change,trade_status,is_st,observation_number,calculated_return_percent,return_difference,review_classification
2021-08-10,sz.000792,000792.SZ,盐湖股份,39.22,43.9,32.41,35.9,8.84,306.1086,1,0,320,306.10859728506784,2.714932179515017e-06,UNUSUAL_MOVE_REVIEW
2024-12-30,sz.001391,001391.SZ,国货航,9.70109,12.1263625,8.83769299,9.0220137,2.2312507,304.3478,1,0,1,304.34782608695656,2.6086956552262563e-05,LIKELY_NEW_LISTING
2020-08-18,sh.688521,688521.SS,芯原股份,150.0,174.0,143.0,148.0,38.53,284.1163,1,0,1,284.1162730339995,2.696600051876885e-05,LIKELY_NEW_LISTING
2025-12-03,sz.001280,001280.SZ,中国铀业,61.756898,79.68632,58.64913152,67.72341121,17.81985331,280.0447,1,0,1,280.0447177193963,1.771939633954389e-05,LIKELY_NEW_LISTING
2020-07-20,sh.688256,688256.SS,寒武纪,167.65,197.827,137.87536,142.43544,43.179934,229.8649,1,0,1,229.8648858518403,1.4148159692695117e-05,LIKELY_NEW_LISTING
2020-02-27,sh.688396,688396.SS,华润微,49.32275,49.520041,40.49397775,41.44097455,12.626624,228.2031,1,0,1,228.20312500000003,2.5000000022146196e-05,LIKELY_NEW_LISTING
2019-07-22,sh.688008,688008.SS,澜起科技,88.406703,94.119732,64.198953,72.5457852,24.014088,202.0968,1,0,1,202.09677419354836,2.5806451645848938e-05,LIKELY_NEW_LISTING
2020-07-16,sh.688981,688981.SS,中芯国际,95.0,95.0,80.0,82.92,27.46,201.9665,1,0,1,201.96649672250544,3.2774945566416136e-06,LIKELY_NEW_LISTING
2020-09-28,sz.300896,300896.SZ,爱美客,118.14048,135.1970118,114.817779,125.5611789,43.66398303,187.5624,1,0,1,187.5623573180012,4.268199879220447e-05,LIKELY_NEW_LISTING
2021-07-22,sh.688303,688303.SS,大全能源,72.20142405,72.38190505,53.7291937,55.14596955,19.39268345,184.3648,1,0,1,184.36482084690553,2.0846905528060233e-05,LIKELY_NEW_LISTING
2020-04-20,sh.688126,688126.SS,沪硅产业,9.47492,11.0607224,8.9363456,10.8811976,3.8797304,180.4627,1,0,1,180.46272493573264,2.493573262540849e-05,LIKELY_NEW_LISTING
2019-07-22,sh.688012,688012.SS,中微公司,73.2423096,83.3815,41.357224,54.05122356,19.35117852,179.3175,1,0,1,179.3174767321613,2.326783868511484e-05,LIKELY_NEW_LISTING
2019-11-18,sh.688111,688111.SS,金山办公,137.16976,142.56836984,122.473,123.7957084,44.93289424,175.5124,1,0,1,175.51242913214128,2.913214126465391e-05,LIKELY_NEW_LISTING
2022-07-29,sz.301269,301269.SZ,华大九天,68.6573817,75.070707,67.67301084,74.57355,32.50412466,129.428,1,0,1,129.4279596206791,4.037932089318019e-05,LIKELY_NEW_LISTING
2025-07-16,sh.600930,600930.SS,华电新能,5.4385595,10.05639093,5.4385595,7.09979222,3.14447622,125.7862,1,0,1,125.7861635220126,3.6477987393368494e-05,LIKELY_NEW_LISTING
2020-08-24,sz.300866,300866.SZ,安克创新,90.47831,117.53828456,89.086336,102.21265082,46.15785784,121.4415,1,0,1,121.44149577804582,4.221954185368304e-06,LIKELY_NEW_LISTING
2020-10-15,sz.300999,300999.SZ,金龙鱼,47.94501024,61.35120285,38.69091819,54.839064,25.1672133,117.8988,1,0,1,117.89883268482488,3.268482488749669e-05,LIKELY_NEW_LISTING
2022-01-26,sh.688223,688223.SS,晶科能源,8.5,11.95,8.5,10.55,5.0,111.0,1,0,1,111.00000000000003,2.842170943040401e-14,LIKELY_NEW_LISTING
2019-07-22,sh.688009,688009.SS,中国通号,9.3329847,12.13288011,6.13424379,9.78766857,4.66649235,109.7436,1,0,1,109.74358974358971,1.02564102917313e-05,LIKELY_NEW_LISTING
2022-08-05,sz.301308,301308.SZ,江波龙,96.718356,116.4074499,80.11832796,97.705278,54.94194774,77.8337,1,0,1,77.83366265493083,3.734506915975544e-05,LIKELY_NEW_LISTING
2021-02-25,sh.688183,688183.SS,生益电子,21.40886,22.525844,19.4355216,19.9567808,11.5607844,72.6248,1,0,1,72.62479871175525,1.28824474643352e-06,LIKELY_NEW_LISTING
2022-08-12,sh.688041,688041.SS,海光信息,69.7221,73.507014,59.861403,59.861403,35.85708,66.9444,1,0,1,66.94444444444443,4.444444442697204e-05,LIKELY_NEW_LISTING
2022-08-22,sh.688271,688271.SS,联影医疗,168.78212134,190.97750112,168.78212134,179.80539668,109.02227672,64.9254,1,0,1,64.92537313432838,2.6865671614473285e-05,LIKELY_NEW_LISTING
2019-09-30,sh.688036,688036.SS,传音控股,31.892008,41.519784,31.892008,34.7803408,21.1510204,64.4381,1,0,1,64.43812233285917,2.2332859160201224e-05,LIKELY_NEW_LISTING
2021-11-18,sh.688082,688082.SS,盛美上海,119.831938,138.494289,119.831938,127.44421275,83.489465,52.6471,1,0,1,52.64705882352943,4.1176470574555424e-05,LIKELY_NEW_LISTING
2022-06-24,sh.688047,688047.SS,龙芯中科,96.28,99.67,82.4,89.07,60.06,48.3017,1,0,1,48.30169830169828,1.6983017161464886e-06,LIKELY_NEW_LISTING
2019-08-26,sz.003816,003816.SZ,中国广核,2.50118284,3.00309244,2.50118284,3.00309244,2.08292484,44.1767,1,0,1,44.17670682730923,6.827309235291068e-06,LIKELY_NEW_LISTING
2021-06-10,sh.600905,600905.SS,三峡能源,2.97182766,3.56993134,2.97182766,3.56993134,2.47652305,44.1509,1,0,1,44.150943396226424,4.33962264239085e-05,LIKELY_NEW_LISTING
2019-06-28,sh.601698,601698.SS,中国卫通,3.22336412,3.87594704,3.22336412,3.87594704,2.68943264,44.11765,1,0,1,44.11764705882351,2.9411764899123227e-06,LIKELY_NEW_LISTING
2020-06-03,sh.600918,600918.SS,中泰证券,5.04140492,6.04776902,5.04140492,6.04776902,4.19797596,44.0639,1,0,1,44.063926940639256,2.6940639259009913e-05,LIKELY_NEW_LISTING
2021-04-20,sh.605117,605117.SS,德业股份,5.08145428,6.0980038,5.08145428,6.0980038,4.23432968,44.0134,1,0,1,44.01343921808185,3.921808185225473e-05,LIKELY_NEW_LISTING
2020-02-07,sh.603893,603893.SS,瑞芯微,11.19473124,13.42982388,11.19473124,13.42982388,9.32573136,44.0083,1,0,1,44.00826446280992,3.5537190079537595e-05,LIKELY_NEW_LISTING
2021-05-27,sh.605499,605499.SS,东鹏饮料,30.27494496,36.33320574,30.27494496,36.33320574,25.23093846,44.0026,1,0,1,44.0025934730927,6.526907299075901e-06,LIKELY_NEW_LISTING
2023-02-01,sh.601059,601059.SS,信达证券,9.7545096,11.70541152,9.7545096,11.70541152,8.128758,44.0,1,0,1,44.000000000000014,1.4210854715202004e-14,LIKELY_NEW_LISTING
2020-07-31,sh.601456,601456.SS,国联民生,4.8824034,5.85888408,4.8824034,5.85888408,4.0686695,44.0,1,0,1,43.99999999999999,7.105427357601002e-15,LIKELY_NEW_LISTING
2020-04-29,sh.603392,603392.SS,万泰生物,4.3597386,4.3597386,4.3597386,4.3597386,3.02759625,44.0,1,0,1,43.99999999999999,7.105427357601002e-15,LIKELY_NEW_LISTING
2019-11-18,sz.300803,300803.SZ,指南针,5.1524325,6.182919,5.1524325,6.182919,4.29369375,44.0,1,0,1,43.99999999999999,7.105427357601002e-15,LIKELY_NEW_LISTING
2020-05-12,sz.300832,300832.SZ,新产业,17.85524097,21.4243932,17.85524097,21.4243932,14.87857749,43.9949,1,0,1,43.99490283529788,2.835297877368248e-06,LIKELY_NEW_LISTING
2022-12-22,sh.601136,601136.SS,首创证券,8.2315784,9.8817769,8.2315784,9.8817769,6.86288435,43.9887,1,0,1,43.988684582743986,1.541725601583721e-05,LIKELY_NEW_LISTING
2019-05-16,sh.600989,600989.SS,宝丰能源,10.8102024,12.9738636,10.8102024,12.9738636,9.0112032,43.97482,1,0,1,43.97482014388488,1.4388487556971086e-07,LIKELY_NEW_LISTING
2021-09-28,sh.601868,601868.SS,中国能建,2.14876654,2.5803965,2.04555068,2.5803965,1.83911896,40.3061,1,0,1,40.3061224489796,2.244897959968739e-05,LIKELY_NEW_LISTING
2020-01-16,sh.601816,601816.SS,京沪高铁,5.32340566,6.34993269,5.32340566,6.15007787,4.43314328,38.7295,1,0,1,38.7295081967213,8.196721296371834e-06,LIKELY_NEW_LISTING
2021-08-20,sh.601728,601728.SS,中国电信,3.89471068,5.30135984,3.72396136,4.96799212,3.68330676,34.8786,1,0,1,34.87858719646799,1.2803532008831553e-05,LIKELY_NEW_LISTING
2020-11-02,sh.601995,601995.SS,中金公司,33.33856064,39.99855104,33.33856064,36.3886432,27.77891648,30.9937,1,0,1,30.99374565670603,4.565670602829641e-05,LIKELY_NEW_LISTING
2023-01-06,sh.688506,688506.SS,百利天恒,28.75,34.97,28.75,32.05,24.7,29.7571,1,0,1,29.7570850202429,1.4979757100519464e-05,LIKELY_NEW_LISTING
2020-07-21,sh.688256,688256.SS,寒武纪,139.4848,191.52336,135.4612,183.7444,142.43544,29.0019,1,0,2,29.001883239171388,1.676082861123973e-05,LIKELY_NEW_LISTING
2022-04-20,sh.688072,688072.SS,拓荆科技,43.19335119,47.71681024,40.0519339,41.9613337,32.67801372,28.4085,1,0,1,28.408458542014458,4.145798554233693e-05,LIKELY_NEW_LISTING
2022-04-21,sh.600938,600938.SS,中国海油,9.8948304,11.8722695,9.8948304,10.5285271,8.245692,27.6852,1,0,1,27.68518518518519,1.4814814807806442e-05,LIKELY_NEW_LISTING
2019-10-29,sh.601077,601077.SS,渝农商行,5.96456787,7.1601834,5.96456787,6.31582215,4.97159904,27.038,1,0,1,27.038043478260864,4.347826086359419e-05,LIKELY_NEW_LISTING
