horizon_months,signal_column,base_factor,factor_name,category,signal_variant,number_of_periods,quantile_monotonicity,average_q5_minus_q1_return,q5_minus_q1_positive_rate_percent,average_q1_return,average_q2_return,average_q3_return,average_q4_return,average_q5_return
1,momentum_12_1_zscore,momentum_12_1,12-1 Momentum,Momentum,standardized,86,1.0000000000,0.0129644315,61.6279069767,-0.0021101550,0.0045435742,0.0051314318,0.0094306668,0.0108542766
1,momentum_12_1_neutral,momentum_12_1,12-1 Momentum,Momentum,neutralized,86,1.0000000000,0.0084224558,63.9534883721,0.0014965610,0.0020376431,0.0056939899,0.0087030113,0.0099190168
1,reversal_5_score_zscore,reversal_5_score,5-Day Reversal,Reversal,standardized,86,0.9000000000,0.0067496399,51.1627906977,0.0025084608,0.0056982586,0.0025939362,0.0077833039,0.0092581007
1,momentum_120_zscore,momentum_120,120-Day Momentum,Momentum,standardized,86,0.9000000000,0.0055177129,56.9767441860,0.0025743988,0.0054891869,0.0060951715,0.0055985372,0.0080921117
1,amihud_liquidity_score_20_zscore,amihud_liquidity_score_20,Amihud Liquidity,Liquidity,standardized,86,0.9000000000,0.0050354111,53.4883720930,0.0032581510,0.0050126290,0.0059050820,0.0053994179,0.0082935621
1,liquidity_amount_20_zscore,liquidity_amount_20,20-Day Amount Liquidity,Liquidity,standardized,86,0.1000000000,0.0050104870,48.8372093023,0.0049915818,0.0054187116,0.0038617301,0.0035748829,0.0100020687
1,liquidity_category_score,liquidity_category_score,Liquidity Category,Category Composite,category,86,0.2000000000,0.0046855460,47.6744186047,0.0048978982,0.0061275593,0.0028792518,0.0043673698,0.0095834442
1,liquidity_amount_20_neutral,liquidity_amount_20,20-Day Amount Liquidity,Liquidity,neutralized,86,0.2000000000,0.0033172620,51.1627906977,0.0053065549,0.0070226407,0.0021390926,0.0047605268,0.0086238169
1,equal_weight_composite_score,equal_weight_composite_score,Equal-Weight Composite,Composite,composite,86,0.5000000000,0.0032346548,56.9767441860,0.0052554809,0.0040046484,0.0057464838,0.0043762235,0.0084901357
1,reversal_5_score_neutral,reversal_5_score,5-Day Reversal,Reversal,neutralized,86,0.8000000000,0.0029860931,50.0000000000,0.0035045543,0.0056308337,0.0053944146,0.0068060775,0.0064906474
1,reversal_category_score,reversal_category_score,Reversal Category,Category Composite,category,86,0.8000000000,0.0029860931,50.0000000000,0.0035045543,0.0056308337,0.0053944146,0.0068060775,0.0064906474
1,amihud_liquidity_score_20_neutral,amihud_liquidity_score_20,Amihud Liquidity,Liquidity,neutralized,86,0.3000000000,0.0026561818,48.8372093023,0.0058932535,0.0049432097,0.0032077742,0.0052651348,0.0085494353
1,turnover_stability_20_zscore,turnover_stability_20,Turnover Stability,Liquidity,standardized,86,0.3000000000,0.0022982412,52.3255813953,0.0041829991,0.0069782627,0.0053068168,0.0049298473,0.0064812404
1,drawdown_60_zscore,drawdown_60,60-Day Drawdown,Risk,standardized,86,0.4000000000,0.0021863289,62.7906976744,0.0044646344,0.0066767809,0.0047976928,0.0052635924,0.0066509633
1,turnover_stability_20_neutral,turnover_stability_20,Turnover Stability,Liquidity,neutralized,86,0.7000000000,0.0013446961,54.6511627907,0.0048911763,0.0054618338,0.0059998871,0.0052309571,0.0062358723
1,momentum_category_score,momentum_category_score,Momentum Category,Category Composite,category,86,0.3000000000,0.0005164363,55.8139534884,0.0064041912,0.0050715112,0.0039271711,0.0055172705,0.0069206276
1,value_pe_score_neutral,value_pe_score,Earnings Yield Style,Value,neutralized,86,0.1000000000,0.0001476934,51.1627906977,0.0049167653,0.0062974858,0.0053859335,0.0061713406,0.0050644587
1,value_pcf_score_zscore,value_pcf_score,Cash-Flow Yield Style,Value,standardized,86,0.0000000000,0.0000622748,51.1627906977,0.0046506554,0.0068692868,0.0067165210,0.0049252277,0.0047129303
1,turnover_20_zscore,turnover_20,20-Day Turnover,Liquidity,standardized,86,0.0000000000,-0.0000633265,47.6744186047,0.0064091877,0.0047635308,0.0050603183,0.0052697920,0.0063458613
1,momentum_20_neutral,momentum_20,20-Day Momentum,Momentum,neutralized,86,-0.3000000000,-0.0001200218,55.8139534884,0.0071449680,0.0056137411,0.0030509724,0.0049834858,0.0070249462
1,turnover_20_neutral,turnover_20,20-Day Turnover,Liquidity,neutralized,86,-0.3000000000,-0.0002711408,44.1860465116,0.0064605635,0.0050481072,0.0052395709,0.0048985190,0.0061894227
1,value_pcf_score_neutral,value_pcf_score,Cash-Flow Yield Style,Value,neutralized,86,0.0000000000,-0.0003056532,48.8372093023,0.0065521855,0.0044051877,0.0046852534,0.0059730641,0.0062465324
1,momentum_120_neutral,momentum_120,120-Day Momentum,Momentum,neutralized,86,0.0000000000,-0.0005982854,53.4883720930,0.0075837521,0.0037818935,0.0039448399,0.0055394681,0.0069854667
1,drawdown_60_neutral,drawdown_60,60-Day Drawdown,Risk,neutralized,86,0.0000000000,-0.0006129143,60.4651162791,0.0055850326,0.0056075223,0.0056827792,0.0060111872,0.0049721184
1,momentum_20_zscore,momentum_20,20-Day Momentum,Momentum,standardized,86,0.1000000000,-0.0007237284,52.3255813953,0.0053306726,0.0042783270,0.0070862982,0.0065598667,0.0046069441
1,value_pb_score_zscore,value_pb_score,Book-to-Price Style,Value,standardized,86,-0.2000000000,-0.0011112634,47.6744186047,0.0069907381,0.0053078836,0.0029942032,0.0066971189,0.0058794747
1,downside_volatility_60_neutral,downside_volatility_60,60-Day Downside Volatility,Risk,neutralized,86,-0.5000000000,-0.0011779152,54.6511627907,0.0059282941,0.0081474283,0.0044551176,0.0045749173,0.0047503789
1,value_category_score,value_category_score,Value Category,Category Composite,category,86,-0.4000000000,-0.0012115664,46.5116279070,0.0077830836,0.0052813248,0.0046743557,0.0035348659,0.0065715172
1,value_ps_score_zscore,value_ps_score,Sales-to-Price Style,Value,standardized,86,-0.2000000000,-0.0013836293,47.6744186047,0.0066107717,0.0022365168,0.0080908640,0.0057065815,0.0052271424
1,value_pb_score_neutral,value_pb_score,Book-to-Price Style,Value,neutralized,86,-0.1000000000,-0.0013882248,48.8372093023,0.0074765634,0.0053939809,0.0031453643,0.0057392732,0.0060883386
1,value_ps_score_neutral,value_ps_score,Sales-to-Price Style,Value,neutralized,86,-0.9000000000,-0.0013887083,46.5116279070,0.0068346201,0.0064831454,0.0058879813,0.0032087733,0.0054459117
1,risk_category_score,risk_category_score,Risk Category,Category Composite,category,86,-0.3000000000,-0.0015660465,58.1395348837,0.0060231177,0.0069953471,0.0041429697,0.0062358293,0.0044570712
1,trend_60_zscore,trend_60,60-Day MA Trend,Trend,standardized,86,-0.7000000000,-0.0016016813,55.8139534884,0.0066569376,0.0062771162,0.0042129837,0.0056436595,0.0050552563
1,volatility_20_zscore,volatility_20,20-Day Volatility,Risk,standardized,86,-0.3000000000,-0.0020118739,52.3255813953,0.0078746964,0.0053440555,0.0053876823,0.0034166680,0.0058628224
1,trend_60_neutral,trend_60,60-Day MA Trend,Trend,neutralized,86,-0.2000000000,-0.0022370418,58.1395348837,0.0082111682,0.0045999173,0.0027666841,0.0062880309,0.0059741264
1,trend_category_score,trend_category_score,Trend Category,Category Composite,category,86,-0.2000000000,-0.0022370418,58.1395348837,0.0082111682,0.0045999173,0.0027666841,0.0062880309,0.0059741264
1,downside_volatility_60_zscore,downside_volatility_60,60-Day Downside Volatility,Risk,standardized,86,-0.9000000000,-0.0022858212,52.3255813953,0.0073825043,0.0065536625,0.0056820738,0.0031493506,0.0050966831
1,value_pe_score_zscore,value_pe_score,Earnings Yield Style,Value,standardized,86,0.0000000000,-0.0023335212,41.8604651163,0.0079711630,0.0037752150,0.0049637220,0.0055140712,0.0056376419
1,momentum_60_zscore,momentum_60,60-Day Momentum,Momentum,standardized,86,-0.4000000000,-0.0031337811,52.3255813953,0.0077107834,0.0040908362,0.0063115500,0.0051665601,0.0045770024
1,volatility_20_neutral,volatility_20,20-Day Volatility,Risk,neutralized,86,-0.8000000000,-0.0032169519,46.5116279070,0.0075553961,0.0056135925,0.0060090088,0.0043154126,0.0043384442
1,momentum_60_neutral,momentum_60,60-Day Momentum,Momentum,neutralized,86,-0.4000000000,-0.0035189527,51.1627906977,0.0084279304,0.0041100118,0.0053151345,0.0050755776,0.0049089778
3,momentum_12_1_zscore,momentum_12_1,12-1 Momentum,Momentum,standardized,84,1.0000000000,0.0376175525,66.6666666667,-0.0023895993,0.0094386460,0.0168488207,0.0286825286,0.0352279531
3,momentum_12_1_neutral,momentum_12_1,12-1 Momentum,Momentum,neutralized,84,1.0000000000,0.0314906737,71.4285714286,0.0031955094,0.0097445843,0.0140062703,0.0261721211,0.0346861831
3,momentum_120_zscore,momentum_120,120-Day Momentum,Momentum,standardized,84,1.0000000000,0.0196042312,63.0952380952,0.0040909401,0.0143920675,0.0223677104,0.0233048472,0.0236951714
3,amihud_liquidity_score_20_zscore,amihud_liquidity_score_20,Amihud Liquidity,Liquidity,standardized,84,1.0000000000,0.0156538322,54.7619047619,0.0090764285,0.0152836534,0.0191317319,0.0196020398,0.0247302608
3,liquidity_amount_20_zscore,liquidity_amount_20,20-Day Amount Liquidity,Liquidity,standardized,84,0.7000000000,0.0148365291,50.0000000000,0.0137786053,0.0160298867,0.0139304699,0.0154462376,0.0286151344
3,amihud_liquidity_score_20_neutral,amihud_liquidity_score_20,Amihud Liquidity,Liquidity,neutralized,84,0.5000000000,0.0107566065,52.3809523810,0.0159824631,0.0131465229,0.0169379784,0.0150073635,0.0267390696
3,liquidity_category_score,liquidity_category_score,Liquidity Category,Category Composite,category,84,0.7000000000,0.0103465997,53.5714285714,0.0163038967,0.0163959078,0.0087258890,0.0197038214,0.0266504963
3,momentum_category_score,momentum_category_score,Momentum Category,Category Composite,category,84,0.7000000000,0.0088448411,57.1428571429,0.0150497046,0.0144563299,0.0144919006,0.0199288701,0.0238945457
3,equal_weight_composite_score,equal_weight_composite_score,Equal-Weight Composite,Composite,composite,84,0.3000000000,0.0082838250,69.0476190476,0.0171313513,0.0146106598,0.0154939708,0.0151597301,0.0254151764
3,liquidity_amount_20_neutral,liquidity_amount_20,20-Day Amount Liquidity,Liquidity,neutralized,84,0.1000000000,0.0080677052,45.2380952381,0.0182571175,0.0176806424,0.0125858777,0.0129370663,0.0263248227
3,turnover_stability_20_neutral,turnover_stability_20,Turnover Stability,Liquidity,neutralized,84,1.0000000000,0.0078947889,60.7142857143,0.0133566301,0.0155149627,0.0172143759,0.0204555671,0.0212514190
3,momentum_120_neutral,momentum_120,120-Day Momentum,Momentum,neutralized,84,0.7000000000,0.0058896009,60.7142857143,0.0179440655,0.0110323504,0.0149661573,0.0200295940,0.0238336664
3,value_pe_score_neutral,value_pe_score,Earnings Yield Style,Value,neutralized,84,0.3000000000,0.0054797487,57.1428571429,0.0154522519,0.0187189181,0.0177169689,0.0149505067,0.0209320006
3,turnover_stability_20_zscore,turnover_stability_20,Turnover Stability,Liquidity,standardized,84,0.1000000000,0.0025486911,58.3333333333,0.0147592546,0.0197780452,0.0197272514,0.0162492022,0.0173079457
3,turnover_20_zscore,turnover_20,20-Day Turnover,Liquidity,standardized,84,0.8000000000,0.0024221594,45.2380952381,0.0171667624,0.0164136659,0.0174022992,0.0172390315,0.0195889218
3,value_pcf_score_zscore,value_pcf_score,Cash-Flow Yield Style,Value,standardized,84,0.0000000000,0.0023735259,48.8095238095,0.0138431436,0.0217065436,0.0188902266,0.0171916657,0.0162166695
3,drawdown_60_neutral,drawdown_60,60-Day Drawdown,Risk,neutralized,84,0.2000000000,0.0018546801,60.7142857143,0.0167030909,0.0194275192,0.0147114782,0.0184046359,0.0185577710
3,drawdown_60_zscore,drawdown_60,60-Day Drawdown,Risk,standardized,84,-0.2000000000,0.0002581389,55.9523809524,0.0160350737,0.0216504094,0.0190846978,0.0147625413,0.0162932126
3,value_pcf_score_neutral,value_pcf_score,Cash-Flow Yield Style,Value,neutralized,84,0.0000000000,-0.0002550226,45.2380952381,0.0202122587,0.0142924650,0.0157714698,0.0175913513,0.0199572361
3,momentum_20_neutral,momentum_20,20-Day Momentum,Momentum,neutralized,84,-0.5000000000,-0.0006600083,52.3809523810,0.0183356525,0.0188197076,0.0161704579,0.0168125880,0.0176756442
3,momentum_60_zscore,momentum_60,60-Day Momentum,Momentum,standardized,84,-0.6000000000,-0.0017732050,54.7619047619,0.0177169453,0.0171402581,0.0214046289,0.0156283588,0.0159437403
3,volatility_20_zscore,volatility_20,20-Day Volatility,Risk,standardized,84,-0.9000000000,-0.0020289148,60.7142857143,0.0202361786,0.0190193247,0.0185972000,0.0117896782,0.0182072638
3,trend_60_neutral,trend_60,60-Day MA Trend,Trend,neutralized,84,0.0000000000,-0.0028302817,45.2380952381,0.0214552633,0.0153343152,0.0158521266,0.0165386164,0.0186249815
3,trend_category_score,trend_category_score,Trend Category,Category Composite,category,84,0.0000000000,-0.0028302817,45.2380952381,0.0214552633,0.0153343152,0.0158521266,0.0165386164,0.0186249815
3,value_ps_score_zscore,value_ps_score,Sales-to-Price Style,Value,standardized,84,-0.2000000000,-0.0029242964,48.8095238095,0.0195242439,0.0100120681,0.0227674764,0.0189373402,0.0165999475
3,reversal_5_score_zscore,reversal_5_score,5-Day Reversal,Reversal,standardized,84,-0.3000000000,-0.0029483979,48.8095238095,0.0178654004,0.0220686021,0.0138595507,0.0191388182,0.0149170026
3,value_category_score,value_category_score,Value Category,Category Composite,category,84,-0.4000000000,-0.0031133721,57.1428571429,0.0234304237,0.0193568367,0.0135083668,0.0111842211,0.0203170516
3,momentum_60_neutral,momentum_60,60-Day Momentum,Momentum,neutralized,84,0.0000000000,-0.0035144097,51.1904761905,0.0221906404,0.0135508958,0.0166474614,0.0167724847,0.0186762308
3,value_pb_score_zscore,value_pb_score,Book-to-Price Style,Value,standardized,84,-0.2000000000,-0.0036552473,55.9523809524,0.0222194551,0.0177021894,0.0105549023,0.0187515967,0.0185642078
3,volatility_20_neutral,volatility_20,20-Day Volatility,Risk,neutralized,84,-0.3000000000,-0.0037403835,57.1428571429,0.0222299747,0.0154448683,0.0170819630,0.0145603129,0.0184895912
3,value_pe_score_zscore,value_pe_score,Earnings Yield Style,Value,standardized,84,-0.1000000000,-0.0039477675,57.1428571429,0.0213039846,0.0130838087,0.0165595857,0.0195586561,0.0173562171
3,turnover_20_neutral,turnover_20,20-Day Turnover,Liquidity,neutralized,84,-0.5000000000,-0.0040782739,45.2380952381,0.0212937363,0.0156956263,0.0194441879,0.0141280009,0.0172154623
3,value_ps_score_neutral,value_ps_score,Sales-to-Price Style,Value,neutralized,84,-0.7000000000,-0.0051055251,53.5714285714,0.0227590527,0.0206395293,0.0155987321,0.0111801724,0.0176535275
3,momentum_20_zscore,momentum_20,20-Day Momentum,Momentum,standardized,84,-0.5000000000,-0.0051409571,44.0476190476,0.0190638476,0.0168352995,0.0195390611,0.0184633332,0.0139228905
3,trend_60_zscore,trend_60,60-Day MA Trend,Trend,standardized,84,-0.9000000000,-0.0052416058,48.8095238095,0.0195434770,0.0193104295,0.0171962166,0.0174522776,0.0143018712
3,reversal_5_score_neutral,reversal_5_score,5-Day Reversal,Reversal,neutralized,84,-0.7000000000,-0.0053851885,47.6190476190,0.0190752515,0.0199859724,0.0197716071,0.0153115136,0.0136900630
3,reversal_category_score,reversal_category_score,Reversal Category,Category Composite,category,84,-0.7000000000,-0.0053851885,47.6190476190,0.0190752515,0.0199859724,0.0197716071,0.0153115136,0.0136900630
3,value_pb_score_neutral,value_pb_score,Book-to-Price Style,Value,neutralized,84,-0.1000000000,-0.0056657639,51.1904761905,0.0246403267,0.0170793909,0.0098424949,0.0172757544,0.0189745629
3,risk_category_score,risk_category_score,Risk Category,Category Composite,category,84,-0.5000000000,-0.0062730922,57.1428571429,0.0213933738,0.0174693785,0.0150026211,0.0188116611,0.0151202816
3,downside_volatility_60_neutral,downside_volatility_60,60-Day Downside Volatility,Risk,neutralized,84,-0.7000000000,-0.0115851298,53.5714285714,0.0254951815,0.0193472547,0.0131397780,0.0159058301,0.0139100517
3,downside_volatility_60_zscore,downside_volatility_60,60-Day Downside Volatility,Risk,standardized,84,-0.9000000000,-0.0118384830,57.1428571429,0.0273701413,0.0182141793,0.0167304097,0.0099625828,0.0155316582
