date,trained_return,original_return,benchmark_return,trained_value,original_value,benchmark_value,trained_transaction_cost,original_transaction_cost
2024-11-01,-0.0012298981674569438,0.0007204831749730754,-0.00026214572993599194,99877.01018325432,100072.04831749729,99973.7854270064,0.0005,0.0005
2024-11-04,0.026292451100040415,0.02523046938228222,0.014071904504227017,102503.02158951576,102596.91306859418,101380.60698846132,0.0,0.0
2024-11-05,0.027527829299601205,0.020766365074268302,0.025301934299339024,105324.7072705253,104727.47802086957,103945.73244571048,0.0,0.0
2024-11-06,-0.0071699760648101145,-0.012419723043997057,-0.005016612079792759,104569.53164036252,103426.79174875408,103424.27702868042,0.0,0.0
2024-11-07,0.050350672750237725,0.044480491929853504,0.03017189786289287,109834.67790763202,108027.26632446519,106544.78375173331,0.0,0.0
2024-11-08,-0.014431818656448117,-0.008126274463383454,-0.01004664801185906,108249.56375387969,107149.40710878358,105474.36581188001,0.0,0.0
2024-11-11,0.005105408179782245,-0.006185077707150333,0.006598379506522978,108802.22196212661,106486.67969954066,106170.32570571663,0.0,0.0
2024-11-12,-0.0035806687439921213,-0.013281589780233105,-0.010987282865873804,108412.63724666994,105072.3673027123,105003.80230522597,0.0,0.0
2024-11-13,0.00016347940224090677,-0.0032509936206669425,0.006155591531641358,108430.36047980239,104730.7777069028,105650.16282148616,0.0,0.0
2024-11-14,-0.011536123692455937,-0.005697503489489142,-0.01733688256337995,107179.4944292898,104134.0737354608,103818.51835584808,0.0,0.0
2024-11-15,-0.024263642008416686,-0.020867106588235606,-0.017523934679230746,104578.92954581442,101961.09691935575,101999.20942168568,0.0,0.0
2024-11-18,-0.00844490640172475,-0.004745559757722616,-0.004648774311148296,103695.77027420745,101477.234440962,101525.0381171687,0.0,0.0
2024-11-19,0.004672372777917632,0.002422274059665508,0.006710749485376422,104180.27556842184,101723.04011359494,102206.34721446632,0.0,0.0
2024-11-20,0.00419133750134868,0.00039409783027726246,0.0022329325661485377,104616.9302643126,101763.1289429929,102434.56709562859,0.0,0.0
2024-11-21,-0.0003218906782564312,-0.002884853977076651,0.0008856580484013499,104583.25504967272,101469.55717574195,102525.28909441135,0.0,0.0
2024-11-22,-0.03286121201388135,-0.03391256302041719,-0.03098290330218656,101146.52253238359,98028.46442336577,99348.75797637047,0.0,0.0
2024-11-25,-5.1148944014589364e-05,-0.005774068613254513,-0.004555413897530114,101141.34899456531,97462.44134373328,98896.18326358256,0.0,0.0
2024-11-26,-0.0038078024560520337,0.002788173357398227,-0.0020556057860734445,100756.22271745538,97734.18352603487,98692.89169704536,0.0,0.0
2024-11-27,0.010678551820910133,0.011220145369584688,0.017410670492544078,101832.15326302289,98830.77527277464,100411.20111433897,0.0,0.0
2024-11-28,-0.01556546862774635,-0.011735343263450982,-0.00882765210736125,100247.08807611144,97670.96219995564,99524.8059632193,0.0,0.0
2024-11-29,0.01607672372098814,0.00796997922792231,0.011369776695384193,101858.73281494467,98449.39773986049,100656.38078267254,0.0,0.0
2024-12-02,0.003230895281948333,0.004906495489556784,0.007927784972639795,102187.82771422173,98932.43926582069,101454.36292564172,0.0006000000000000001,0.0009000000000000001
2024-12-03,-0.003814495975738486,0.0015312503710680275,0.0010791309955811013,101798.03265663637,99083.92960015715,101563.84547331173,0.0,0.0
2024-12-04,-0.005312947951766955,-0.008261606074291118,-0.005397375575780461,101257.18500753937,98265.33720550785,101015.66725437173,0.0,0.0
2024-12-05,-0.005881263055377483,-0.003245909865826824,-0.002282110073223098,100661.664866263,97946.3767780037,100785.13838257716,0.0,0.0
2024-12-06,0.014520768311303245,0.017992961207927972,0.013145128259753447,102123.34957961606,99708.72213582741,102109.97195329315,0.0,0.0
2024-12-09,-0.0007987114813772678,-0.0008621317965941344,-0.0016535597528348767,102041.78248779013,99622.76007607635,101941.12701330808,0.0,0.0
2024-12-10,0.006689161258481468,0.01721071218002992,0.007328705586379325,102724.35642595384,101337.33872632589,102688.2235203323,0.0,0.0
2024-12-11,-0.0014332209627692994,-0.0060275620917326295,-0.0017043113584320757,102577.12972493717,100726.52162494202,102513.2108146094,0.0,0.0
2024-12-12,0.010467004454027463,0.01677555938548627,0.009945252391810877,103650.80499864944,102416.26537015471,103532.73056965561,0.0,0.0
2024-12-13,-0.02584742491857992,-0.031403658610332674,-0.02366142940533078,100971.69859869649,99200.01993632513,101082.99817414056,0.0,0.0
2024-12-16,-0.009888068540982188,-0.003658740982760311,-0.005425595604800826,99973.28352225316,98837.07275789346,100534.56270352686,0.0,0.0
2024-12-17,0.009113486331712162,0.011303507313263638,0.00260489722925894,100884.3886751696,99954.27833263388,100796.44490735802,0.0,0.0
2024-12-18,0.001559227115207107,0.004352400630141839,0.005063669358189582,101041.69034949302,100389.31939663422,101306.84477684986,0.0,0.0
2024-12-19,-0.0024964136509932236,-0.00840616272717154,0.0009056742975233067,100789.44849438511,99545.43044171612,101398.59578232744,0.0,0.0
2024-12-20,-0.007093767212775371,-0.005310810972724523,-0.004491230649547484,100074.47160926193,99016.76347744167,100943.19130112877,0.0,0.0
2024-12-23,0.0007282408518204833,-0.0003225454744329116,0.0014843340291097462,100147.34992771214,98984.82606848901,101093.02471498396,0.0,0.0
2024-12-24,0.014703816312637041,0.013867966909131191,0.012741573729682987,101619.89816524662,100357.54436091293,102381.10894294658,0.0,0.0
2024-12-25,-0.0016309599040527758,-0.0024969417844739493,0.0004869709828785318,101454.16018588515,100106.95741501097,102430.96557219673,0.0,0.0
2024-12-26,-0.007629318493921301,-0.0053242268214755755,0.0004641920375567654,100680.13408529373,99573.96526732565,102478.5132108146,0.0,0.0
2024-12-27,-0.0006353045341078059,0.0005258596105444769,-0.0016175507346664064,100616.17153961475,99626.32719392148,102312.74901648294,0.0,0.0
2024-12-30,0.006014242270713788,0.0044812408404369284,0.004526471641419061,101221.30157160567,100072.7767601256,102775.86477346165,0.0,0.0
2024-12-31,-0.012443179844218255,-0.01262270788646216,-0.016038843209163045,99961.78671208431,98809.58733169541,101127.45879267395,0.0,0.0
2025-01-02,-0.021981406283649318,-0.02413566933170034,-0.02910104991558493,97764.48606552651,96424.75180505584,98184.54356651209,0.0009000000000000001,0.0009000000000000001
2025-01-03,-0.004589339675915661,-0.009162228409438589,-0.011841689715943349,97315.81163073047,95541.2862046945,97021.87266669594,0.0,0.0
2025-01-06,0.003124121237228472,-0.0019348373672078755,-0.0016396501208849612,97619.83802456416,95356.42935403455,96862.79074144951,0.0,0.0
2025-01-07,-0.006710710050331636,0.002134559633116684,0.007200942679224109,96964.73959642097,95559.97333889181,97560.29414532837,0.0,0.0
2025-01-08,0.002603017924981298,0.005256855460965349,-0.0018150518619780565,97217.14055168159,96062.31830658807,97383.21715178477,0.0,0.0
2025-01-09,-0.0004949107766286875,-0.0006818983247546928,-0.0024649104466986094,97169.02674114953,95996.81357266275,97143.17624249423,0.0,0.0
2025-01-10,-0.011764709846691736,-0.011500036926020375,-0.012540055190452537,96025.86133545448,94892.84667179684,95924.99545103748,0.0,0.0
2025-01-13,-0.006749879901479416,-0.006117189078350283,-0.0026711384268088834,95377.69830400405,94312.36918652256,95668.76650959675,0.0,0.0
2025-01-14,0.02572779593523733,0.017211839785424312,0.026334389710088946,97831.55626274209,95935.65857474478,98188.145089944,0.0,0.0
2025-01-15,-0.00040234746573453205,-0.003213857004627463,-0.006415325978795239,97792.19398401091,95627.33508644078,97558.23613193876,0.0,0.0
2025-01-16,0.001049250523124967,-0.0016831172384845993,0.001145895443938505,97894.80249470618,95466.38307028647,97670.02767024102,0.0,0.0
2025-01-17,0.0019378606515925833,0.0014041601350742064,0.003147107775255842,98084.50898045608,95600.4331596335,97977.40577373149,0.0,0.0
2025-01-20,0.011653732138727226,0.004068399248545495,0.0045483465142781565,99227.55957507293,95989.37389006077,98423.04096576046,0.0,0.0
2025-01-21,-0.00082886087978411,-0.0023289187183023197,0.0007651228910909857,99145.3137327447,95765.8224404501,98498.34668741414,0.0,0.0
2025-01-22,-0.017534027376746208,-0.01630792501379155,-0.009286122744837644,97406.89708747866,94204.08058920715,97583.67894991123,0.0,0.0
2025-01-23,0.00447802714678538,0.005840137162634719,0.001769801230585788,97843.08781692052,94754.245341128,97756.38266500187,0.0,0.0
2025-01-24,0.009779795880183384,-0.002204785370462381,0.0076556539779959465,98799.97324405686,94545.33256721069,98504.77170482569,0.0,0.0
2025-01-27,-0.0022277785058894433,0.005597959610678217,-0.004117037631067966,98579.8687872813,95074.59352030007,98099.22385287716,0.0,0.0
2025-02-05,-0.005512956620825715,-0.018591422233754252,-0.005763567844981332,98036.40224697032,93307.02160846163,97533.82232066109,0.0006000000000000001,0.0006000000000000001
2025-02-06,0.027616786419783736,-0.0004410231578889425,0.012582079697140758,100743.85262918893,93265.87105113865,98761.00064626642,0.0,0.0
2025-02-07,0.028961873725384415,0.004799329843173794,0.012977381781920316,103661.58336764424,93713.48472942399,100042.65985681751,0.0,0.0
2025-02-10,-0.0018509669146483888,-0.0009543431035902159,0.00214763725094147,103469.70920651067,93624.04991155906,100257.51519980928,0.0,0.0
2025-02-11,-0.011132273179066732,0.0025126647147756254,-0.0045936657591693075,102317.8561378652,93859.29575822622,99796.96568513651,0.0,0.0
2025-02-12,0.017458160475820474,0.0030869131780560054,0.009456320364335413,104104.13768986195,94149.03125518533,100740.67776404376,0.0,0.0
2025-02-13,0.002201250516936737,0.0002826566989856617,-0.0037552908625179127,104333.29697676701,94175.64310957263,100362.36721735258,0.0,0.0
2025-02-14,0.02238154893503266,0.004434140634790973,0.008673214819236552,106668.43776860581,94593.23115549235,101232.83158799578,0.0,0.0
2025-02-17,-0.0046301686595007436,-0.0004724214485996475,0.0021299495450188832,106174.54491109171,94548.54328420215,101448.4524115776,0.0,0.0
2025-02-18,-0.0038437573797900585,0.00012051787702269676,-0.008770297893131995,105766.43572054384,94559.93807391437,100558.71926313084,0.0,0.0
2025-02-19,0.006656282995648111,-0.010389554412165138,0.006997552279323971,106470.44704814082,93577.50245208446,101262.38415831648,0.0,0.0
2025-02-20,0.004626622396535862,-0.0027320713871467504,-0.0028577545116936776,106963.04560302293,93321.84203515446,100973.00112312319,0.0,0.0
2025-02-21,0.028504903392772053,-0.008344075697103827,0.012609137492392453,110012.01688453375,92543.15752101997,102246.18357730415,0.0,0.0
2025-02-24,-0.004883825084684634,-0.002870899025415286,-0.002191806545166264,109474.73743685632,92277.47546028403,102022.07972292115,0.0,0.0
2025-02-25,-0.014088367652758272,-0.013810034636546021,-0.011101555949693198,107932.4170871567,91003.12032800447,100889.47589677309,0.0,0.0
2025-02-26,0.006878706616270125,0.010492857408338763,0.008734869363166586,108674.85251868416,91958.00309332012,101770.73228884974,0.0,0.0
2025-02-27,0.002892859908112744,0.014503350286973249,0.0020657322844004344,108989.23364255553,93291.7022238731,101980.96337614588,0.0,0.0
2025-02-28,-0.03089788125265891,-0.005350942673404857,-0.019674320850627147,105621.69724364956,92792.5036733688,99974.55718202754,0.0,0.0
2025-03-03,-0.009426962080925716,0.003012612274761696,-0.00040618452337803923,104626.00550881065,93072.05150894106,99933.94906416863,0.0009000000000000001,0.0009000000000000001
2025-03-04,-0.0014694419348830093,-0.019696664156207966,-0.0008358043200761278,104472.2636688367,91238.84256804017,99850.42383781853,0.0,0.0
2025-03-05,-0.0025002508182302876,0.011073823194282741,0.00446566675428417,104211.05680611634,92249.20537908965,100296.32255595224,0.0,0.0
2025-03-06,0.01565311720144931,0.010566705357816852,0.013752455672772168,105842.28469198938,93223.97555182323,101675.64328604503,0.0,0.0
2025-03-07,-0.0008618172739659471,0.001426453864493938,-0.0030913141009996092,105751.0679827258,93356.9552520126,101361.33193622668,0.0,0.0
2025-03-10,-0.005387072470907795,-0.009714052901048565,-0.003856471180306076,105181.37931562697,92450.08085001374,100970.43488081718,0.0,0.0
2025-03-11,0.00655599148406143,0.004407030620417741,0.003212144392698013,105870.94754270205,92857.51118717986,101294.76649704787,0.0,0.0
2025-03-12,-0.007926708453111076,0.0032898029408776172,-0.0036002105047207023,105031.73940787645,93162.99410056602,100930.08401463197,0.0,0.0
2025-03-13,-0.0030846627540464192,0.0015740299851136675,-0.003984972212368931,104707.75191333226,93309.63544678329,100527.88043444161,0.0,0.0
2025-03-14,0.04362023567226756,0.038984930084114834,0.024281742562273667,109275.12872850514,96947.30506085037,102968.87254748175,0.0,0.0
2025-03-17,-0.0018799019556802854,-0.009461569483329412,-0.0024385056977479502,109069.7022003012,96030.0313977956,102717.78236508404,0.0,0.0
2025-03-18,0.007250465983806365,0.0016310873643708536,0.002734677462113755,109860.50836596837,96186.66476860867,102998.68236947614,0.0,0.0
2025-03-19,0.00787503695085956,0.01889326321745446,0.0006113079730580839,110725.66392879057,98003.94474409106,103061.64628522308,0.0,0.0
2025-03-20,-0.016179745354043276,-0.008758785832054517,-0.00877267854629371,108934.15088226537,97145.54918138107,102157.519591911,0.0,0.0
2025-03-21,-0.01742102641474477,-0.026064861130833266,-0.015167343618630147,107036.40616227764,94613.46393248983,100608.06138903354,0.0,0.0
2025-03-24,0.0013255015825221822,0.005534957592793478,0.005147302918667718,107178.2830880332,95137.14544306345,101125.92155706281,0.0,0.0
2025-03-25,0.0011337441072284853,-0.0019429827015106317,-0.0006480675921158863,107299.79583490714,94952.29561519648,101060.38512457882,0.0,0.0
2025-03-26,0.005332773883021802,-0.01008895295296155,-0.0032906800716049345,107872.0013837891,93994.32637195908,100727.82772922065,0.0,0.0
2025-03-27,0.010470811438427055,0.011743828482626117,0.0033295753209277024,109001.50876976449,95098.17961921134,101063.2086185585,0.0,0.0
2025-03-28,-0.0003446305253842708,-0.005041075043088372,-0.0043840776062755715,108963.94352252949,94618.7825592898,100620.13966883555,0.0,0.0
2025-03-31,-0.0012977801679747718,-0.011296536512062973,-0.0071158758973882685,108822.53227760164,93549.91802738183,99904.13924217423,0.0,0.0
2025-04-01,0.000925627241330817,-0.017568511601389745,9.514884104944166e-05,108923.26137794837,91906.38520720873,99913.64500523916,0.00030000000000000003,0.0006000000000000001
2025-04-02,-0.00384952211149876,-0.0025994465156313536,-0.0008462731295658665,108503.95887481738,91667.47947441757,99829.09077219423,0.0,0.0
2025-04-03,-0.0014410152719228414,-0.005517776001090891,-0.00589278965581197,108347.6030130147,91161.67885609315,99240.81893874274,0.0,0.0
2025-04-07,-0.051748373344884434,-0.06320403342973177,-0.0704545017723035,102740.79080127388,85399.89305816215,92248.85648493824,0.0,0.0
2025-04-08,0.027455684211917176,0.026318664642456115,0.0170834640947779,105561.60950919629,87647.50420406154,93824.786512483,0.0,0.0
2025-04-09,-0.0006790744525859931,-0.006117453919398774,0.00986918592306707,105489.92531700475,87111.32463594287,94750.76077476676,0.0,0.0
2025-04-10,0.0073643187898556626,0.015276024803706602,0.013108985760764913,106266.78675615723,88442.0393917653,95992.84714858483,0.0,0.0
2025-04-11,-0.0006368915648149896,0.015227633067545644,0.004123000562387791,106199.10633605225,89788.8023153685,96388.62571136365,0.0,0.0
2025-04-14,-0.007974308808969412,-0.007028456943715922,0.0022983141009742525,105352.24186689199,89157.72558426713,96610.1570490096,0.0,0.0
2025-04-15,0.007674533731191825,0.01318663839827452,0.0005560016254653188,106160.77120075613,90333.41627195946,96663.87245336531,0.0,0.0
2025-04-16,0.004736493684204235,-0.002952531564949901,0.0030814621681762855,106663.60102305876,90066.70400904673,96961.73851935979,0.0,0.0
2025-04-17,-0.00021981560618464777,-0.0020949308678644752,-0.00015905811710525963,106640.15469894203,89878.02049065137,96946.31596779964,0.0,0.0
2025-04-18,-0.0035540777123982178,0.0017077388825515794,7.954171030721824e-05,106261.14730187983,90031.50868093001,96954.02724357971,0.0,0.0
2025-04-21,0.001666265678938528,-0.0016717676549892423,0.003276288321138132,106438.2066046336,89880.99691678736,97271.67659072515,0.0,0.0
2025-04-22,0.00918739329159064,0.0044435429960636656,-0.0002456964737105327,107416.09626996194,90280.38699111617,97247.7772827949,0.0,0.0
2025-04-23,-9.488282507863488e-05,0.00920524767372053,0.0007743050723272304,107405.90432728891,91111.44031344874,97323.07673001752,0.0,0.0
2025-04-24,0.002336192123706904,0.0014072525441822135,-0.0006653961753741999,107656.82515501793,91239.65711963394,97258.31832698571,0.0,0.0
2025-04-25,-0.0050106040083776286,0.0003922166017491071,0.0006949346092466335,107117.399435367,91275.44282789415,97325.90649842826,0.0,0.0
2025-04-28,0.00879797954054189,0.00264424659145972,-0.0014179792026708382,108059.81612403541,91516.79760647578,97187.9003871324,0.0,0.0
2025-04-29,-0.002795926290286466,-0.0037586753265405953,-0.0017294278271832164,107757.68884321071,91172.81567734832,97019.82092773738,0.0,0.0
2025-04-30,0.0004924622121323945,-0.011319732558362716,-0.00119467923124561,107810.75543303271,90140.76378728784,96903.91336265583,0.0,0.0
2025-05-06,0.001244984857714616,-4.949995867740129e-05,0.010070087550354545,107944.97819104561,90136.30182320521,97879.74425418975,0.0009000000000000001,0.0006000000000000001
2025-05-07,0.01205472752345127,0.009697874194882284,0.006062649601468628,109246.22549066354,91010.4323386786,98473.15484668427,0.0,0.0
2025-05-08,0.009746824545280508,0.00843883726936674,0.0055511675662256454,110311.0292827552,91778.45456699941,99019.79583001308,0.0,0.0
2025-05-09,0.006462826486221785,0.013373814343391868,-0.001749329181968906,111023.95032452619,93005.88257910189,98846.57761157505,0.0,0.0
2025-05-12,0.014468369698291373,-0.005375840762227014,0.011557032554094127,112630.28588318618,92505.89776440627,99988.95072689281,0.0,0.0
2025-05-13,0.002859886740436868,0.005526135953007017,0.001452189293646322,112952.39574435512,93017.09793190734,100134.15361062132,0.0,0.0
2025-05-14,0.012366663508404695,0.015207954218977493,0.01205000463372552,114349.24001499373,94431.69769883795,101340.7706256235,0.0,0.0
2025-05-15,-0.003891681504785116,0.006215577592883248,-0.0091321563199398,113904.22919254116,95018.64524311277,100415.31086668714,0.0,0.0
2025-05-16,-0.007484364367841324,-0.008820600258041655,-0.004634997826466036,113051.72843822607,94180.5237563626,99949.88611907612,0.0,0.0
2025-05-19,0.005318117578789017,-0.004754643839236583,-0.00307017458506631,113652.95082254587,93732.72890930832,99643.02251893307,0.0,0.0
2025-05-20,0.011987221225857716,0.011927438907572042,0.005421513240574827,115015.33388702727,94850.72030701411,100183.23848485036,0.0,0.0
2025-05-21,0.008602044995058322,0.0050676352646030765,0.00467141281741279,116004.70096424513,95331.38916211494,100651.23574919841,0.0,0.0
2025-05-22,0.0007197232941331009,0.003830353403930742,-0.0006408381464766411,116088.19224975805,95696.5420730935,100586.73459784032,0.0,0.0
2025-05-23,-0.011836741602475742,-0.011942246661008406,-0.00807387488856115,114714.08631499915,94553.71036305105,99774.60988724844,0.0,0.0
2025-05-26,-0.013486421452217082,-0.011383491892704024,-0.005707978063836605,113167.00380044906,93477.35896770818,99205.09860268417,0.0,0.0
2025-05-27,-0.0017339991585190615,-0.0007820773385434742,-0.005365185059955979,112970.77231108697,93404.25244359265,98672.84488978959,0.0,0.0
2025-05-28,0.005077899832354938,0.005889232422409796,-0.0008230223966630978,113544.42657686643,93954.3317954744,98591.63492850283,0.0,0.0
2025-05-29,-0.00426301874192816,-0.005352732986207976,0.005854680884062269,113060.38455832776,93451.41934447564,99168.85748884718,0.0,0.0
2025-05-30,-0.0016984226023459613,0.0008132138064872009,-0.004786578624107807,112868.36024576396,93527.41532892238,98694.17795541386,0.0,0.0
2025-06-03,0.0057064764264107455,-0.010267202285133448,0.003067532245929927,113512.44088279406,92567.15043653463,98996.92552877765,0.0009000000000000001,0.0006000000000000001
2025-06-04,0.0038343318828713236,0.0008671009093943474,0.004343181981961708,113947.6852539735,92647.4154968582,99426.88719200384,0.0,0.0
2025-06-05,-0.00023882294311978677,-0.011071719253584078,0.002279829707253267,113920.47193241946,91621.64932290683,99653.5635631239,0.0,0.0
2025-06-06,-0.0056061527448202815,0.0023768039806340235,-0.0009232811538445462,113281.81636600429,91839.41602372978,99561.55530597262,0.0,0.0
2025-06-09,0.004639651023195413,0.0011706168787968484,0.0029091579171987014,113807.40446121627,91946.924794266,99851.1955928396,0.0,0.0
2025-06-10,-0.0035522144254074746,0.003187513168041578,-0.0050910570225531915,113403.13615737096,92240.00682780865,99342.84746230635,0.0,0.0
2025-06-11,0.014565503516170364,0.0018627673881741248,0.007543691279555009,115054.90993581589,92411.82850441245,100092.2592343939,0.0,0.0
2025-06-12,0.004894004998480162,0.00845208265028563,-0.0006239185015625148,115617.98924014145,93192.90091679576,100029.8098219944,0.0,0.0
2025-06-13,-0.010688338206968353,-0.007505718200125999,-0.00719901851979976,114382.2250683332,92493.42126426203,99309.6933685538,0.0,0.0
2025-06-16,0.0032349829777100323,5.906293421704717e-05,0.002489562431792658,114752.24961938187,92498.88419711767,99556.931050277,0.0,0.0
2025-06-17,-0.006774868865729267,-0.004700206079709823,-0.0008828968900084222,113974.81817616311,92064.12037924801,99469.03254547392,0.0,0.0
2025-06-18,-0.005187558536044002,0.0005611630203405272,0.0011859528081490378,113383.5671352393,92115.78335910501,99586.99812394509,0.0,0.0
2025-06-19,-0.010504113969067252,-0.0059466705881316305,-0.008227130288371076,112192.57322383136,91568.00113950073,98767.68291535163,0.0,0.0
2025-06-20,0.00631369652108016,0.006492618011747943,0.0009236850051175249,112900.9230830857,92162.5171929988,98858.91314305074,0.0,0.0
2025-06-23,0.005382489536856205,0.0011284763897754235,0.002927232618616271,113508.61112028181,92266.52041767338,99148.29617824404,0.0,0.0
2025-06-24,0.019479627232271923,0.00544747472117162,0.011957315669361979,115719.71655255782,92769.13995525913,100333.84365372668,0.0,0.0
2025-06-25,0.025742522741103627,0.010347000789399496,0.01435440778937691,118698.63398750611,93729.0223196081,101774.07656060786,0.0,0.0
2025-06-26,-0.00766045998035081,0.004362232262412214,-0.0035479293511454513,117789.34785212252,94137.89008469506,101412.98932719276,0.0,0.0
2025-06-27,-0.010938311214160536,-0.01307945248664808,-0.006147969256503405,116500.931307603,92906.61802413898,100789.50538659908,0.0,0.0
2025-06-30,0.00041533724873408227,-0.004401340401444065,0.0036514392323132583,116549.31848388725,92497.70437266782,101157.53214077314,0.0,0.0
2025-07-01,-0.0028409593233718047,0.010066413150319,0.0016971025761769454,116218.20661090783,93428.82448033916,101329.20684916896,0.0006000000000000001,0.0006000000000000001
2025-07-02,-0.0007264257361143224,0.006091897752877329,0.00023585803810566297,116133.7827146206,93997.98332624491,101353.1061570992,0.0,0.0
2025-07-03,0.015615225947892443,-0.0013262057605269997,0.006182059775325932,117947.23797189286,93873.32265927973,101979.67711777736,0.0,0.0
2025-07-04,0.004291717293959852,0.010150186057086686,0.003560895490522853,118453.43417287162,94826.15435006836,102342.81609015103,0.0,0.0
2025-07-07,-0.00550305471935244,0.002507941472458697,-0.004274024343313365,117801.5784429231,95063.97279523667,101905.40040281849,0.0,0.0
2025-07-08,0.00399159313846591,-0.0013319048415267878,0.008390544717975512,118271.79441513633,94937.35662961591,102760.44222190153,0.0,0.0
2025-07-09,0.0029385879155322987,-0.0029581814273654805,-0.0017631954667980398,118619.34648095298,94656.514704471,102579.2554760097,0.0,0.0
2025-07-10,0.007113939059789476,0.014479438554682856,0.004665059288237794,119463.19728313053,96027.08789293484,103057.79378454857,0.0,0.0
2025-07-11,0.009184120502115723,0.0013153675766662157,0.0011945174934713254,120560.36168254682,96153.39881083088,103180.89812206279,0.0,0.0
2025-07-14,-0.0060003365024429815,0.0029520377263066336,0.0007123284139254338,119836.9589435953,96437.24727163305,103254.39680756949,0.0,0.0
2025-07-15,-0.001178562032709518,-0.004907398997823087,0.0003460057062381061,119695.723653669,95963.99122101942,103290.12341805908,0.0,0.0
2025-07-16,-0.003718369041233216,-0.005725204266685813,-0.0029509654618161685,119250.6507804672,95414.57776903264,102985.31783130564,0.0,0.0
2025-07-17,0.005491214285899782,-0.002198795800191733,0.006810251396244693,119905.48165763576,95204.78059615701,103686.673735859,0.0,0.0
2025-07-18,0.00835190419393741,0.004726747972105639,0.005963593577376081,120906.92075276826,95654.78959977465,104305.01891740966,0.0,0.0
2025-07-21,0.011684760706229124,-0.003195356574921582,0.006667420203814833,122319.68918949137,95349.13843890428,105000.46430789889,0.0,0.0
2025-07-22,0.012878025301097919,-0.002801987493915403,0.00816275969531266,123894.92524169605,95081.97134544286,105857.55786594051,0.0,0.0
2025-07-23,0.008068308158052241,0.0058868032309389974,0.00019666580919275312,124894.54767776489,95641.70020156326,105878.37642821738,0.0,0.0
2025-07-24,0.005994863038503828,-0.004870306326800635,0.007104770264477089,125643.27338534898,95175.89582396562,106630.61796871568,0.0,0.0
2025-07-25,-0.011853842152500405,-0.007588971128632726,-0.005273480758562155,124153.91785511561,94453.60869841577,106068.30345658406,0.0,0.0
2025-07-28,0.011438967579426841,0.005471181534654157,0.002098214665994025,125574.1104963191,94970.381538208,106290.85752649378,0.0,0.0
2025-07-29,0.0016628898990949325,-0.007530540350865957,0.003917045713073497,125782.92641625126,94255.20324789739,106707.20367430685,0.0,0.0
2025-07-30,-0.010392250615710877,0.009374426679153513,-0.0001878086214859298,124475.75872175605,95138.79173987352,106687.16314148215,0.0,0.0
2025-07-31,-0.032538258818437193,-0.019775614844659884,-0.01822350483548074,120425.53426784622,93257.36363763947,104742.94910808961,0.0,0.0
2025-08-01,-0.00716579307326659,-0.004754189889070681,-0.005069242932792761,119562.58980854526,92814.00042235202,104211.98165356356,0.0006000000000000001,0.0006000000000000001
2025-08-04,0.0006961096285723609,0.006226777363852332,0.00388909791219727,119645.81847852802,93391.93253923049,104617.27225383837,0.0,0.0
2025-08-05,0.007060394454414931,0.008801051918556735,0.008045359405867591,120490.56515180776,94213.87978628259,105458.95580918199,0.0,0.0
2025-08-06,-0.0037509333138569414,-0.0016695093314905486,0.0024442322140785233,120038.6130769744,94056.58883482346,105716.72198623387,0.0,0.0
2025-08-07,-0.0008084945764508249,-0.0021306792208237503,0.0002892785213250981,119941.562509337,93856.18441541154,105747.3035632494,0.0,0.0
2025-08-08,-0.003953767246225292,-0.006277271064777512,-0.0023573475431608593,119467.34148802652,93267.02370473025,105498.0204169987,0.0,0.0
2025-08-11,0.009279687559995376,-0.00018410664944086262,0.004272759572731211,120575.96109065866,93249.85262549265,105948.78809363961,0.0,0.0
2025-08-12,-0.0017903999480474166,0.0013617535983001527,0.005171682715654491,120360.0818961862,93376.83594784638,106496.72160976802,0.0,0.0
2025-08-13,0.005139070358269705,0.005110146989904618,0.007903316348053302,120978.62082537779,93854.00530499208,107338.39889068058,0.0,0.0
2025-08-14,0.0036653240873147034,0.008370609606712476,-0.0007829418974574232,121422.04667833916,94639.6205434265,107254.35916098308,0.0,0.0
2025-08-15,0.0016214319332151339,0.006782013783396491,0.006958514621433487,121618.92426221973,95281.46775440742,108000.69018741725,0.0,0.0
2025-08-18,0.0037478011107473282,0.004950337609287536,0.008818888891341858,122074.72780165757,95753.14318770019,108953.13627436831,0.0,0.0
2025-08-19,-0.0072183083190959785,-0.012644129357737401,-0.0037835544265167886,121193.55477841549,94542.42805882497,108540.90615333454,0.0,0.0
2025-08-20,0.012220616057532042,0.006410041865920535,0.011372383623397653,122674.61468000998,95148.44898078781,109775.27497694147,0.0,0.0
2025-08-21,0.002155779129948088,0.0009597317533865724,0.003902683489282577,122939.07405411155,95239.76596856015,110203.69313012544,0.0,0.0
2025-08-22,0.015404457572881914,0.014917415300379292,0.02097218083374708,124832.88380442752,96660.49711062408,112514.90491099721,0.0,0.0
2025-08-25,0.017495892554885685,0.014478068721139924,0.02083604724617416,127016.9465267863,98059.95443041125,114859.27078562153,0.0,0.0
2025-08-26,-0.0020993321675747637,-0.0080150660370792,-0.0037210900994574247,126750.2957651155,97273.99742005853,114431.86909027025,0.0,0.0
2025-08-27,-0.027683245699290527,-0.02601651257844784,-0.014926135860186651,123241.43618499205,94743.26724262367,112723.84346549377,0.0,0.0
2025-08-28,-0.004088691928288958,0.004059748276931185,0.017703511847204867,122737.53991963174,95127.90105856273,114719.45136374762,0.0,0.0
2025-08-29,0.033520821930765006,0.023234355546932737,0.00738835293318485,126851.80313949789,97338.13653419081,115567.03915872432,0.0,0.0
2025-09-01,-0.004513277128644831,-0.003186477152334665,0.005993247742189345,126279.28579766104,97027.97078607378,116259.66105523387,0.00030000000000000003,0.0006000000000000001
2025-09-02,0.002939951299260124,-0.0016925989596014994,-0.007352320531643253,126650.5407480115,96863.74134366903,115404.88276225558,0.0,0.0
2025-09-03,0.0035115611307436007,0.0006283332917270444,-0.006818941499332043,127095.28186408989,96924.60405711648,114617.94361796249,0.0,0.0
2025-09-04,-0.021276752068590702,-0.01673605694564215,-0.021216081225067684,124391.10706278,95302.46836418276,112186.20001631357,0.0,0.0
2025-09-05,0.03474101133153842,0.030285639579836366,0.02179050218401679,128712.57992279065,98188.76457212915,114630.79365278559,0.0,0.0
2025-09-08,0.0038895465565921715,7.568754943292337e-05,0.001623141329664346,129213.21349481944,98196.19623910147,114816.85563161566,0.0,0.0
2025-09-09,-0.008052856291080171,-0.00560927761635519,-0.007008297536620023,128172.67805563699,97645.38651352625,114012.18494513015,0.0,0.0
2025-09-10,-0.004079679217127218,-0.006509610931750332,0.0020536109343940456,127649.77464476987,97009.7530380428,114246.32161478762,0.0,0.0
2025-09-11,0.0019029267647735497,0.007665123129934392,0.023095922087125853,127892.68281745874,97753.34473988393,116884.9457575435,0.0,0.0
2025-09-12,-0.0007023482994497731,-0.0055104657866345,-0.0057255518506533765,127802.85760916983,97214.67827816571,116215.71494004788,0.0,0.0
2025-09-15,0.02283846980135125,0.01519898978182901,0.002445833390922081,130721.67931320325,98692.24317995935,116499.95921619814,0.0,0.0
2025-09-16,-0.005571089382125761,-0.006491474314796552,-0.002144294299680105,129993.4171535678,98051.58501828699,116250.14901773787,0.0,0.0
2025-09-17,0.021476880987237035,0.014331729126184412,0.006119411040825584,132785.27030289924,99456.83377516213,116961.53146313464,0.0,0.0
2025-09-18,-0.011545429598100189,-0.014860645783111883,-0.011625999451316371,131252.2073129524,97978.84099771961,115601.7367625191,0.0,0.0
2025-09-19,-0.004081955316736297,-0.0038865103818663377,0.0008470354681311409,130716.4416674779,97598.04521497873,115699.65553373452,0.0,0.0
2025-09-22,-0.0016885141229403093,0.005821946123027555,0.004595803960376177,130495.72510962187,98166.25577593315,116231.38846885062,0.0,0.0
2025-09-23,-0.010575527259162954,-0.007750384228805296,-0.0006257621617945519,129115.66401152081,97405.42957536649,116158.65526393396,0.0,0.0
2025-09-24,0.007330071767299763,0.01018546378832208,0.010241658059209957,130062.09109500781,98397.54905109234,117348.31249176482,0.0,0.0
2025-09-25,0.014544314819982175,0.010989713422407798,0.006005254236544966,131953.75509403882,99478.90991663116,118053.01894250739,0.0,0.0
2025-09-26,-0.015567430963109885,-0.014079164537686383,-0.009456954836306597,129899.57412128925,98078.32997588522,116936.59687407844,0.0,0.0
2025-09-29,0.015388122045797226,0.023953398447930742,0.015384446985148514,131898.4846215647,100427.63929290524,118735.60174931139,0.0,0.0
2025-09-30,0.007195753712264996,0.0018326102031070105,0.004467513899484077,132847.59363192247,100611.68400934737,119266.05470049006,0.0,0.0
2025-10-09,0.006403864862934428,0.0008720255279811801,0.014823235322990458,133698.33166890734,100699.4199662167,121033.96349536006,0.0006000000000000001,0.0006000000000000001
2025-10-10,-0.026655685264613725,-0.020501473352312543,-0.019673064272061835,130134.511019537,98634.93349118598,118652.85455241345,0.0,0.0
2025-10-13,-0.014411734965191525,-0.013374754829290736,-0.004949304451232872,128259.04693689865,97315.71543813797,118065.60545122571,0.0,0.0
2025-10-14,-0.01685764358764539,-0.005210153128457296,-0.01195475864250417,126096.90163674532,96808.68565889988,116654.15963407517,0.0,0.0
2025-10-15,0.02076551741170114,0.020045795615838594,0.014811432235064759,128715.36904324472,98749.29278545616,118381.9748144337,0.0,0.0
2025-10-16,0.00011618436264091434,0.0054657182359348685,0.002633330230974451,128730.32375635911,99289.02859581928,118693.71364751502,0.0,0.0
2025-10-17,-0.0220354470285544,-0.018447159701035144,-0.02255965095611112,125893.6935262572,97457.42802875156,116016.02489694247,0.0,0.0
2025-10-20,0.008630568416257044,0.007520585477056407,0.005314358036430544,126980.22766141086,98190.36494661585,116632.57559120825,0.0,0.0
2025-10-21,0.008757489652552032,0.009126717954028552,0.015347404719572078,128092.25569123437,99086.52071328675,118422.58293229261,0.0,0.0
2025-10-22,-0.007478650071930848,-0.0012383450469069855,-0.0033204696702885395,127134.29853399534,98963.8174111462,118029.3643373887,0.0,0.0
2025-10-23,0.0034482953230202894,0.0074198023379961064,0.0030005582854353285,127572.69514102559,99698.10937495045,118383.51832447594,0.0,0.0
2025-10-24,0.008415078534874798,0.003136246958219724,0.011794604616058857,128646.22938954296,100010.78726721788,119779.80511617108,0.0,0.0
2025-10-27,0.008429607292325603,0.003775063491567465,0.011873769849638727,129730.66658293524,100388.33433899329,121202.04295475507,0.0,0.0
2025-10-28,-0.011673884655593448,-0.01054589642696273,-0.00509959766665502,128216.20574495281,99329.64936257896,120583.96129930917,0.0,0.0
2025-10-29,0.011649178898736446,0.010534405961437843,0.011907498630212565,129709.81926339297,100376.02821297165,122019.8146533063,0.0,0.0
2025-10-30,-0.0113313764237859,-0.0037355805585433943,-0.007988830446741035,128240.02847545824,100001.06547343546,121045.01904289826,0.0,0.0
2025-10-31,-0.011764280617109126,-0.0001571854408235927,-0.014700967126330178,126731.37679412687,99985.3467618762,119265.54019714259,0.0,0.0
2025-11-03,-0.004812958676547164,0.0008715770073492116,0.002743134220501986,126121.4239145948,100072.49169118569,119592.70158178403,0.0006000000000000001,0.0006000000000000001
2025-11-04,-0.0025353317073766313,0.0023097637229388067,-0.007456850423229855,125801.66426956463,100303.63550215808,118700.9166943787,0.0,0.0
2025-11-05,0.005030353714672087,0.0026508722845826945,0.0018532422436050577,126434.49113873497,100569.52762955362,118920.89824755136,0.0,0.0
2025-11-06,0.01019086616487388,0.008326003850264496,0.014293586284066517,127722.96811655378,101406.86990381655,120620.70436763144,0.0,0.0
2025-11-07,-0.0029911246786376248,-0.0010039395057270806,-0.003112852854058823,127340.93279459151,101305.06354096798,120245.22986378208,0.0,0.0
2025-11-10,0.005131605488146862,0.00032014696594946396,0.0034752073696937558,127994.39622418598,101337.49604969592,120663.1069727752,0.0,0.0
2025-11-11,-0.0013734518485300164,0.0012898836890438135,-0.009132998497628053,127818.6020840904,101468.20963293896,119561.0909980737,0.0,0.0
2025-11-12,0.009084234630607724,0.009162736443924624,-0.0013455582513368647,128979.73625557855,102397.93609524248,119400.21458554242,0.0,0.0
2025-11-13,0.018750285655879842,0.017387734973463423,0.012087979767150703,131398.1431541907,104178.4042698962,120843.52196364592,0.0,0.0
2025-11-14,-0.012089550939511584,-0.007058300684674546,-0.015722796611656764,129809.59860917088,103443.0817677097,118943.52384597524,0.0,0.0
2025-11-17,-0.015912058475440683,-0.013982707471065515,-0.006501603482686136,127744.06068542827,101996.66741544628,118170.20021709528,0.0,0.0
2025-11-18,-0.005887862739507366,-0.006436952322436374,-0.00649402780518149,126991.92119032516,101340.11973024566,117402.7996511416,0.0,0.0
2025-11-19,0.006501063691096487,0.009876967493584443,0.004400013553303106,127817.50375823818,102341.05279861725,117919.37356080236,0.0,0.0
2025-11-20,-0.004209862363499761,-0.004946228761807658,-0.005086828328483062,127279.40965976987,101834.85053975106,117319.5379508963,0.0,0.0
2025-11-21,-0.01472005063004036,-0.009715529723848839,-0.02439026216443263,125405.85030541642,100845.4710224084,114458.08366326382,0.0,0.0
2025-11-24,-0.0019530066181307813,-0.003243408859854502,-0.0012484386294343564,125160.93184981763,100518.38792821813,114315.18977016756,0.0,0.0
2025-11-25,0.0053824010800048285,0.007310837856947394,0.009523353699380621,125834.59818458049,101253.26156400306,115403.85375556067,0.0,0.0
2025-11-26,0.006329305886468807,0.0015784849155092266,0.006061746169136573,126631.0438475916,101413.08831002793,116103.40262396705,0.0,0.0
2025-11-27,-0.002486049321941408,-0.0009252264920666332,-0.0004936173450671433,126316.23282689757,101319.25823408121,116046.09197061055,0.0,0.0
2025-11-28,0.0002695868447400774,-0.00244282067595083,0.002493744551928856,126350.28602154482,101071.753455195,116335.4812802349,0.0,0.0
2025-12-01,0.00800727894430199,0.003709058107898412,0.011008133238409545,127362.00800641166,101446.63446182749,117616.11775852223,0.0009000000000000001,0.0006000000000000001
2025-12-02,-0.004826501752811541,0.002468807637252546,-0.004842172738302897,126747.29505152714,101697.08668776041,117046.60019952689,0.0,0.0
2025-12-03,-0.00915897253617728,-0.002650821664471748,-0.005111679003969916,125586.42005711545,101427.50584715483,116448.29555080089,0.0,0.0
2025-12-04,0.006529317891051,-0.0016727277147564168,0.0034252590901107105,126406.41371646742,101257.84524708567,116847.16113366418,0.0,0.0
2025-12-05,0.011674076563780745,0.002233916187000173,0.008351398155481915,127882.0918683464,101484.04678664391,117822.99829962917,0.0,0.0
2025-12-08,0.010412583585910575,-0.005511704650982519,0.00811640003587133,129213.67483906665,100924.69669396944,118779.29688725475,0.0,0.0
2025-12-09,-0.003385700029789707,-0.007856312912853469,-0.005091098643641434,128776.19609631479,100131.80069610679,118174.57976997936,0.0,0.0
2025-12-10,-0.007117737947725833,-0.008617228424001235,-0.0013896978439879026,127859.60087859626,99268.94209700187,118010.35281125884,0.0,0.0
2025-12-11,0.0013140490498966262,-0.0002180319835936252,-0.008632753399911652,128027.61466565095,99247.29829264722,116991.59853680267,0.0,0.0
2025-12-12,0.003802767782485894,0.0025053615265165697,0.006317894085360987,128514.47395397002,99495.94865540032,117730.73906523528,0.0,0.0
2025-12-15,-0.010978830293063613,0.00660843179356161,-0.00630658171056131,127103.53535422705,100153.46084582523,116988.2605394756,0.0,0.0
2025-12-16,-0.014593194980137447,-0.0031793825438411138,-0.01197260126151245,125248.688680138,99835.03468070674,115587.60674375852,0.0,0.0
2025-12-17,0.011151206041776374,0.002487106790077442,0.018303218444288838,126645.36261407254,100083.33507334875,117703.23195944208,0.0,0.0
2025-12-18,-0.00942422110884369,0.0052648660416413145,-0.005914968174528634,125451.82871438783,100610.26042551063,117007.0210883628,0.0,0.0
2025-12-19,0.004663285984755006,-0.004307242904040365,0.003380374800222352,126036.8464689935,100176.90759521918,117402.54867389899,0.0,0.0
2025-12-22,-0.0018520901962280512,-0.005972046439017964,0.009509244323713917,125803.4148612848,99578.64645094331,118518.9581934658,0.0,0.0
2025-12-23,0.007685997180765348,0.0038531442140645523,0.0019754149409005883,126770.33955323929,99962.33733636016,118753.08231426116,0.0,0.0
2025-12-24,-0.0036030881490704218,-0.004428075865219205,0.002884842477561822,126313.57484514138,99519.69652297012,119095.66625046273,0.0,0.0
2025-12-25,0.0013577140339538609,0.0014690484076773204,0.0018299245934509933,126485.0725583875,99665.89577467971,119313.60233910788,0.0,0.0
2025-12-26,0.01114032793889743,-2.2080162448956453e-05,0.0031664121771297626,127894.15774606318,99663.6951355104,119691.39838245165,0.0,0.0
2025-12-29,-0.004420692449744879,-0.0025883374977148546,-0.003837061497408034,127328.77700854867,99405.73185623033,119232.1351261474,0.0,0.0
2025-12-30,-0.0008701004999476015,-0.0015086532052273726,0.0025670872700214176,127217.98817601582,99255.76308024745,119538.21442240723,0.0,0.0
2025-12-31,-0.008832291827394067,-0.006602837268747041,-0.004587951001808643,126094.36177875129,98600.39342864328,118989.77895179352,0.0,0.0
2026-01-05,0.033757085462376206,0.02277237588628667,0.018965701435660343,130350.93992564036,100845.7586503361,121246.50357328846,0.00030000000000000003,0.0006000000000000001
2026-01-06,0.013191073319536995,0.007573412513896295,0.015460747476286452,132070.40873147006,101609.5051808719,123121.06514741774,0.0,0.0
2026-01-07,-0.010780858641707792,-0.005040470877164394,-0.0029265136551781534,130646.57632418351,101097.34542916465,122760.74966902375,0.0,0.0
2026-01-08,-0.018096729597115523,-0.010549893477530837,-0.008168875004855525,128282.30055965584,100030.7792040258,121757.93244947512,0.0,0.0
2026-01-09,-0.0028660607915971473,-0.0006679520746816665,0.004489571827738459,127914.63568776593,99963.96343752446,122304.57343280397,0.0,0.0
2026-01-12,-0.005654547732987548,-0.005450928145643541,0.006514083134180115,127191.33627452175,99419.06705567279,123101.27559183569,0.0,0.0
2026-01-13,0.0003682869936471934,-0.007229215664399491,-0.006031444614932324,127238.17918937626,98700.34517877393,122358.797066076,0.0,0.0
2026-01-14,-0.013621241879788238,-0.007532014109358132,-0.004011655090784827,125505.03717429393,97956.93278628889,121867.93577492356,0.0,0.0
2026-01-15,-0.0008301557602120148,-0.00022275084020162428,0.002003403603140219,125400.84844474806,97935.11279720717,122112.08643656231,0.0,0.0
2026-01-16,-0.008924219198601603,-0.005053944479308248,-0.00411666758641438,124281.74378553651,97440.1541745553,121609.39156841948,0.0,0.0
2026-01-19,-0.005201925728062618,0.0028470236285808915,0.0005473192809313243,123635.23938501005,97717.56859586283,121675.95073316719,0.0,0.0
2026-01-20,-0.002734221130831882,0.008402625715123735,-0.00329078252927395,123297.1933009681,98538.65275056579,121275.54164026168,0.0,0.0
2026-01-21,-0.005589782283739365,-0.013318659100616448,0.0008879101630687725,122607.98883421955,97226.25002634698,121383.22342621574,0.0,0.0
2026-01-22,-0.007778764350118906,-0.007202266356424226,0.00013553403666977104,121654.25018163613,96526.00067682093,121399.67498447068,0.0,0.0
2026-01-23,-0.005671047323518197,-0.009531383396359994,-0.004490106529167703,120964.34317174896,95605.97435665286,120854.57751118406,0.0,0.0
2026-01-26,-0.004933662380650916,-0.0016008527382588734,0.0009484233785219676,120367.54594244235,95452.9232708101,120969.19881789708,0.0,0.0
2026-01-27,-0.004469162194254484,0.0019399675955321884,-0.0002698173644538615,119829.60385670119,95638.09884885431,120936.55922749193,0.0,0.0
2026-01-28,0.0002673102513482957,-0.011730280128355908,0.0026139191323502065,119861.63553822706,94516.23715841386,121252.67761345729,0.0,0.0
2026-01-29,0.01890464878817786,0.03984326347665035,0.007604908240606667,122127.57766125382,98282.07249833811,122174.79310063548,0.0,0.0
2026-01-30,-0.005198121517427801,-0.007919700925607764,-0.009998227184553343,121492.74367194151,97503.70787780237,120953.26176298952,0.0,0.0
2026-02-02,0.003265619409389332,-0.004675082611730474,-0.021324397857610644,121889.49273377658,97047.86998852361,118374.0062869798,0.0009000000000000001,0.00030000000000000003
2026-02-03,0.007000564920666275,0.011102375522870257,0.01175208816408957,122742.78804080647,98125.3318848309,119765.14804520088,0.0,0.0
2026-02-04,0.025114941361446253,0.01729501801088493,0.008276695964597236,125825.46596499176,99822.4112671031,120756.40776272598,0.0,0.0
2026-02-05,0.006911673141034025,0.007540047006133555,-0.0060145089363421445,126695.13045856009,100575.07694032266,120030.1172691165,0.0,0.0
2026-02-06,-0.007105093879725223,-0.013514834335040417,-0.005742486685861636,125794.94966254798,99215.82143724026,119340.84591879619,0.0,0.0
2026-02-09,0.006604379425980023,0.006538929938369398,0.016250314271374577,126625.74723999151,99864.58674239613,121280.17217038831,0.0,0.0
2026-02-10,-0.008527742172010466,0.002712992997267993,0.0011103368104434796,125545.9155151907,100135.51866690331,121414.83400992601,0.0,0.0
2026-02-11,-0.0009846204496038128,-0.002033299811478995,-0.002218314015201117,125422.3004394102,99931.91313567554,121145.49778198847,0.0,0.0
2026-02-12,-0.005683932062888308,-0.006966788392754908,0.0012219928043610828,124709.40860454143,99235.70864317613,121293.53670855881,0.0,0.0
2026-02-13,-0.00821849511677597,-0.007860464521526778,-0.012537115780543617,123684.48493890898,98455.66987611787,119772.86559541197,0.0,0.0
2026-02-24,-0.00727566585952193,-0.004164817558255618,0.010112818664532064,122784.59795448642,98045.61997350799,120984.10686610977,0.0,0.0
2026-02-25,0.004419421185608186,0.005342948388315239,0.006022274355821811,123327.23480795285,98569.47266072681,121712.70635035154,0.0,0.0
2026-02-26,-0.019978416370400497,-0.017924222833894988,-0.001904609116946121,120863.35196114941,96802.69146813643,121480.89122018848,0.0,0.0
2026-02-27,-0.004538340796362639,-0.005666173259878239,-0.0034314915454882744,120314.83288015898,96254.19064625542,121064.03056902801,0.0,0.0
2026-03-02,-0.001504520906286877,-0.011249074993819762,0.003825378643036892,120133.81669875438,95171.42003720626,121527.14632600674,0.0006000000000000001,0.00030000000000000003
2026-03-03,0.0029702012163872697,-0.006112009039062505,-0.015389109566437131,120490.63830724228,94589.73145767846,119656.95175589938,0.0,0.0
2026-03-04,-0.011686969118783908,-0.013049176119722273,-0.011441401372145998,119082.46793824297,93355.41339276997,118287.90854389264,0.0,0.0
2026-03-05,0.005189239306061256,0.0022708674371989535,0.009790067796243251,119700.41536153089,93567.41116112986,119445.95518801318,0.0,0.0
2026-03-06,0.0031795336257430147,0.006602089955876123,0.0027432983182484882,120081.00685718827,94185.15162655407,119773.63107600203,0.0,0.0
2026-03-09,-0.00519074587723869,-0.012203687984383559,-0.00965144514987093,119457.69686590966,93035.74542334175,118617.6424452711,0.0,0.0
2026-03-10,0.0045215650290819425,0.010230856680986423,0.012848081272371248,119997.83261051323,93987.58080097669,120141.65155574503,0.0,0.0
2026-03-11,0.003999461442891405,0.003364494545459418,0.006361874377735832,120477.75931526949,94303.8015039225,120905.97765047639,0.0,0.0
2026-03-12,0.0014167728271939463,-0.005033953099480693,-0.0036007952824423928,120648.44893094857,93829.08059004902,120470.61997653347,0.0,0.0
2026-03-13,0.00499083035903023,0.002828262646730595,-0.003929532986191919,121250.58487264307,94094.45387385893,119997.22670146871,0.0,0.0
2026-03-16,0.009807227264405085,0.002649907629551441,0.0005182799839245078,122439.71691443112,94343.79548507775,120059.41886219454,0.0,0.0
2026-03-17,0.00789518745446296,0.011833391430843877,-0.007303795040531025,123406.40143134193,95460.20254612416,119182.52947413981,0.0,0.0
2026-03-18,-0.007945343229155879,5.4972114671003705e-05,0.004504670029735314,122425.89521529495,95465.45019532503,119719.40744273002,0.0,0.0
2026-03-19,-0.006894990800153211,-0.014154443536939378,-0.016117380448750884,121581.76979408498,94114.1898708068,117789.84420587652,0.0,0.0
2026-03-20,-0.004046521757158406,-0.010486908522424954,-0.0035411510322914674,121089.7865173394,93127.22297096951,117372.73257747342,0.0,0.0
2026-03-23,-0.023913475684387224,-0.032052527763957464,-0.032629596299984076,118194.10885182937,90142.26007111225,113542.90769684447,0.0,0.0
2026-03-24,0.015979299474885945,0.008650959618970845,0.012838437040233242,120082.76791334002,90922.07712295021,115000.62116867542,0.0,0.0
2026-03-25,0.004574165037275879,0.009541402081965567,0.014023223126184092,120632.04631190853,91789.60121890776,116613.30053897352,0.0,0.0
2026-03-26,-0.0013098418495537168,-0.014637508930296184,-0.013210098766359368,120474.03740925189,90446.03011135767,115072.82732138253,0.0,0.0
2026-03-27,0.005240064805032675,0.00464552380206289,0.005592377999474651,121105.32917260028,90866.19929704208,115716.35806923197,0.0,0.0
2026-03-30,0.0009913181152149562,-0.011316294785405101,-0.002358570620965894,121225.38307925816,89837.9305997674,115443.43286672472,0.0,0.0
2026-03-31,0.003948478980709203,0.018017371114486824,-0.009327884059962321,121704.03895627504,91456.57393554092,114366.58990945987,0.0,0.0
2026-04-01,0.014036569979190618,-0.0014822618500439193,0.01708295926287695,123412.34621583494,91321.01134506054,116320.30970591733,0.0009000000000000001,0.0012000000000000001
2026-04-02,0.0001070521367775972,-0.0034601930287107008,-0.010419562622830392,123425.5577712021,91005.02301822956,115108.3029546295,0.0,0.0
2026-04-03,-0.016067029612125427,-0.01661771266157739,-0.008511025195338195,121442.4756795991,89492.72769495238,114128.61328799003,0.0,0.0
2026-04-07,-0.006848245825174093,-0.009514500991612796,-3.826388401728664e-05,120610.80775252749,88641.24904855662,114124.24628396811,0.0,0.0
2026-04-08,0.016749338582509356,0.01756205964262114,0.034891510040805374,122630.9590082845,90197.9719511438,118106.21356908453,0.0,0.0
2026-04-09,-0.005680237609247319,-0.008862109294866173,-0.006384389144285962,121934.38602286756,89398.6276655375,117352.17754130134,0.0,0.0
2026-04-10,0.012328027739251192,0.017597369917698294,0.015406530142000108,123437.59651612605,90971.80838670254,119160.16740182074,0.0,0.0
2026-04-13,-0.004643147369100032,0.007939631478117359,0.002068411000985204,122864.45756461417,91694.09102019086,119406.6396029539,0.0,0.0
2026-04-14,0.009600861323133314,0.0021559010403724432,0.01186348017558192,124044.06218323403,91891.77440641729,120823.2179047164,0.0,0.0
2026-04-15,0.011635009822492971,0.006342792623880821,-0.003409664152910441,125487.31606515788,92474.62487531763,120411.2513097874,0.0,0.0
2026-04-16,0.008045030445057668,0.014950968012594858,0.01096203260898565,126496.86534337066,93857.21003380521,121731.20337313405,0.0,0.0
2026-04-17,-0.01539468988073456,-0.01848045129252851,-0.0016762920391230063,124549.48533052443,92122.68643532286,121527.14632600681,0.0,0.0
2026-04-20,-0.0014404781195562102,-0.0011670144715383072,0.006084167431132936,124370.07452210382,92015.17792709585,122266.53783168201,0.0,0.0
2026-04-21,0.005207577119373053,0.006620408020214531,0.002219693516641419,125017.74127651985,92624.35594902586,122537.9320730092,0.0,0.0
2026-04-22,-0.005724350111615784,-0.004769274946355885,0.0066337841469168435,124302.09595528965,92182.6049287758,123350.8222641911,0.0,0.0
2026-04-23,0.007731437920497664,0.00031150455666646476,-0.00277100630928373,125263.1298935557,92211.3202302565,123009.01635744168,0.0,0.0
2026-04-24,0.0065829686361306376,0.004060556906740587,-0.003543416492525764,126087.73314890855,92585.74954349715,122573.14418015134,0.0,0.0
2026-04-27,-0.007969539480796928,-0.00741391437058514,0.0003312970237527857,125082.87198153413,91899.32672444521,122613.75229801027,0.0,0.0
2026-04-28,-0.0012135558821485533,-0.003097523901950705,-0.0026703767286268,124931.07692648491,91614.66636334307,122286.32738726404,0.0,0.0
2026-04-29,0.011291348713433336,0.010028615277353013,0.010957931059535797,126341.71728120663,92533.4346060641,123626.33253229751,0.0,0.0
2026-04-30,-0.011457461059958195,-0.008060762607118698,-0.0006319787543075384,124894.16197520895,91787.54455648326,123548.20331666413,0.0,0.0
2026-05-06,0.006929005456769735,0.004229231576107684,0.014515349396178268,125759.55430505385,92175.73533821493,125341.54865507559,0.0012000000000000001,0.0006000000000000001
2026-05-07,-0.00411136252831803,-0.006391253363780525,0.0048020279767888585,125242.51118590609,91586.61685967562,125943.44227837131,0.0,0.0
2026-05-08,-0.009248636923073828,-0.006658204531216106,-0.005836047828251312,124084.18867261361,90976.81443230176,125208.43032558014,0.0,0.0
2026-05-11,0.010718581804443385,0.004719207168104589,0.01640623183444001,125414.195199539,91406.152867102,127262.62886112793,0.0,0.0
2026-05-12,-0.01279900341367457,-0.008778457627783176,-0.0007653799763502889,123809.01848705685,90603.74782723948,127165.22459325995,0.0,0.0
2026-05-13,-0.005263014183340142,-0.00033423816295985475,0.0101636080976506,123157.40986673404,90573.46459700842,128457.68209967556,0.0,0.0
2026-05-14,-0.01091969529864665,-0.0021202006136015195,-0.016753511908250807,121812.56847721878,90381.43068179383,126305.56479291235,0.0,0.0
2026-05-15,-0.013463152652692467,-0.0009986941458656861,-0.011193230947210586,120172.58727279343,90291.16727607696,124891.79743626741,0.0,0.0
2026-05-18,-0.013195614033590708,-0.0067356199887429035,-0.00536461410468192,118586.83619372365,89683.00028496528,124221.80113818173,0.0,0.0
2026-05-19,0.0020754676062029413,-0.001944128618862484,0.0040053342497849975,118832.95933076584,89508.64499748583,124719.35097285047,0.0,0.0
2026-05-20,-0.01007464487839276,-0.005579140668767369,-0.0004491534001737074,117635.75946565987,89009.26367597409,124663.33285229356,0.0,0.0
2026-05-21,-0.00469353435535056,-0.004696437237247864,-0.013936152500535037,117083.63198719005,88591.23725558622,122926.00563443905,0.0,0.0
2026-05-22,-0.003299974563834907,-0.005046073584873101,0.012962304516767276,116697.2589797909,88144.19935341958,124519.40995250251,0.0,0.0
2026-05-25,0.004604980969695194,-0.004802434582621084,0.015789147480566257,117234.64763660845,87720.89260218728,126485.46528043564,0.0,0.0
2026-05-26,0.0026725334816140923,0.005069158959135067,0.005333631233569891,117547.9611576225,88165.56375082496,127160.09210864801,0.0,0.0
2026-05-27,-0.005074920391551174,0.007499420208841313,-0.008019680264777285,116951.41461255841,88826.7543613418,126140.30882749702,0.0,0.0
2026-05-28,-0.008234006010494555,-0.0036316186056281063,0.0012306092003009361,115988.43596170277,88504.1694675256,126295.53825206895,0.0,0.0
2026-05-29,0.020888575478781004,0.02257138823811773,-0.004495095636041113,118411.26916095457,90501.83143726928,125727.8277292206,0.0,0.0
2026-06-01,-0.018025602959435595,-0.0005812373996651347,-0.009783151356883457,116276.83463713634,90449.22838809976,124497.81336077346,0.0009000000000000001,0.0006000000000000001
2026-06-02,0.008032929285999014,0.006708238304737413,0.014512081591413262,117210.87822737626,91055.98336660676,126304.53578621754,0.0,0.0
2026-06-03,-0.01715470558622334,-0.0020458632326820327,0.004934317560652435,115200.16011988294,90869.6952781213,126927.76247513753,0.0,0.0
2026-06-04,-0.019077612088969454,-0.007990156099128322,-0.006896409902317213,113002.41615252866,90143.63222816888,126052.41659712503,0.0,0.0
2026-06-05,-0.0008208258287900617,-0.0011428494679362354,-0.01790714677098726,112909.66085063499,90040.61162603908,123795.17747228268,0.0,0.0
2026-06-08,-0.018024349671592412,-0.0006635560050806345,-0.02144104258142787,110874.53764216223,89980.86463749349,121140.87980072405,0.0,0.0
2026-06-09,0.003516965031806408,0.0010035791241292057,0.018705272213753732,111264.47951396742,90071.16755481476,123406.85293361022,0.0,0.0
2026-06-10,-0.0029876807733663305,0.013658452119954402,-0.011083365271498447,110932.05676776494,91301.40028425059,122039.08970554094,0.0,0.0
2026-06-11,-0.002368535727564036,0.004949242753250572,-0.0055131498742636564,110669.31022797832,91753.27307796903,121366.26991347558,0.0,0.0
2026-06-12,0.019401353484857255,0.009584494955430966,0.011627466939964526,112816.44463563665,92632.6818609291,122777.45220452134,0.0,0.0
2026-06-15,-0.006520167395339295,-0.012892478350892043,0.02394441672898817,112080.86253166528,91438.417015452,125717.28668502985,0.0,0.0
2026-06-16,-0.007777380049066474,-0.009902172275911659,-0.001529113649108571,111209.16706752933,90532.97805752835,125525.05066603086,0.0,0.0
2026-06-17,-0.013248010700035385,-0.0035342040804420714,0.009655596980196579,109735.86683227668,90213.01603706286,126737.06996618082,0.0,0.0
2026-06-18,-0.004403919036288917,-0.018656118330186836,0.0020704021897350877,109252.59895937034,88529.99133495237,126999.46667335939,0.0,0.0
2026-06-22,0.017753410006935713,0.022423198294728008,0.023891058819135225,111192.20514301935,90515.11688568657,130033.61840165142,0.0,0.0
2026-06-23,-0.02323910621601897,-0.000596110145437123,-0.027723209701738583,108608.19767730735,90461.15990619558,126428.66913042658,0.0,0.0
2026-06-24,-0.0036842877874927902,-0.013382226076243064,0.0048034171219975,108208.05382098326,89250.5882132117,127035.95876443903,0.0,0.0
2026-06-25,0.005201934354250404,0.003176770723601762,0.015593721615618561,108770.94501356121,89534.11686891165,129016.9221405849,0.0,0.0
2026-06-26,-0.03309749432906093,-0.0043184944285783455,-0.030254353470642648,105170.89927780828,89147.46428404558,125113.59857444926,0.0,0.0
2026-06-29,0.03392658023909574,0.01863340386411627,0.012057734539671738,108738.9882309747,90808.58498951208,126622.18513336303,0.0,0.0
2026-06-30,-0.004465909712003779,-0.011502069521495174,0.010657825728628056,108253.36972736052,89764.09833181411,127971.7023158925,0.0,0.0
2026-07-01,0.01547634480991289,0.013363277055389379,-0.004106934848080557,109928.73620409613,90963.64084744935,127446.13087208316,0.0006000000000000001,0.0
2026-07-02,-0.012824049398574136,0.000796311146295903,-0.029578698917712698,108519.00466069198,91036.07620856383,123676.4401387904,0.0,0.0
2026-07-03,0.004572202186976826,0.007446791140283039,0.006207035804046246,109015.17549113014,91714.00285431992,124444.10423084887,0.0,0.0
2026-07-06,0.013183892113825025,0.0157805333444502,-3.509209254148882e-05,110452.4198035749,93161.29873451551,124439.73722682695,0.0,0.0
2026-07-07,-0.0201481223977783,-0.00956708356013627,-0.01027266302664187,108227.01093024167,92270.01680495159,123161.4097391719,0.0,0.0
2026-07-08,-0.013864775170500021,0.0038466486153815103,-0.0076644385457180775,106726.46775631863,92624.94713733558,122217.44668302202,0.0,0.0
2026-07-09,0.016990526885268562,0.0005921506288836028,0.025397858681171392,108539.8066761021,92679.79505803325,125321.508122251,0.0,0.0
2026-07-10,-0.007861601214785784,-0.0016475794658024957,-0.019588586120136142,107686.51000008464,92527.09773080086,122866.63696769296,0.0,0.0
2026-07-13,0.001775675476625959,0.008508706516607335,-0.01786528074902627,107877.72629505522,93314.38365022569,120671.59000357644,0.0,0.0
2026-07-14,0.0004430149580527897,0.007276261002169271,0.021536088604385606,107925.51774144465,93993.3634609213,123270.38405792555,0.0,0.0
2026-07-15,0.03262053961796898,0.014991651030117927,-0.0020265224317210784,111446.10636871928,95402.47916507447,123020.57385946528,0.0,0.0
2026-07-16,-0.013278027929588522,-0.009961087982824602,-0.018454962984497558,109966.32185571153,94452.16667633157,120750.2337225572,0.0,0.0
2026-07-17,-0.01991346965197598,0.003388873892557776,-0.03604171722142224,107776.51084269841,94772.25315807652,116398.18794430814,0.0,0.0
2026-07-20,0.0425503129214119,0.022710774991383784,0.0,112362.43510463317,96924.60447497605,116398.18794430814,0.0,0.0
2026-07-21,-0.004970219542711641,-0.0038729946470518416,0.0,111803.96913380946,96549.21600067685,116398.18794430814,0.0,0.0
2026-07-22,0.0011943148643006603,0.007395082472953308,0.0,111937.49827603376,97263.20541570085,116398.18794430814,0.0,0.0
2026-07-23,0.009443168364538092,0.0015614481646994752,0.0,112994.54291855954,97415.07686928999,116398.18794430814,0.0,0.0
2026-07-24,-0.015969103691102673,-0.005776747969957818,0.0,111190.1213461643,96852.33452174203,116398.18794430814,0.0,0.0
2026-07-27,0.010290020902005972,-0.0026295712438843656,0.0,112334.27001891292,96597.65440798058,116398.18794430814,0.0,0.0
2026-07-28,-0.0015358496026564245,0.01047444220387035,0.0,112161.74147493967,97609.46095610641,116398.18794430814,0.0,0.0
2026-07-29,0.009589217466344958,0.011393340783938144,0.0,113237.28480534683,98721.55880851584,116398.18794430814,0.0,0.0
2026-07-30,0.01983488589085365,0.018049124098827064,0.0,115483.33342805097,100503.39647468038,116398.18794430814,0.0,0.0
2026-07-31,-0.010433268555342434,-0.006625434789798735,0.0,114278.46479672997,99837.5177751841,116398.18794430814,0.0,0.0
2026-08-03,-0.003053237586011459,-0.011789514247767398,0.0,113929.5454927409,98660.48193691183,116398.18794430814,0.0,0.0
2026-08-04,-0.008826170322591143,-0.014089713841485808,0.0,112923.98391944657,97270.38397895766,116398.18794430814,0.0,0.0
2026-08-05,0.0035913822793526735,-0.006310968165870312,0.0,113329.53711420878,96656.51368218448,116398.18794430814,0.0,0.0
2026-08-06,-0.020303905451729776,-0.00201210547645676,0.0,111028.5049077536,96462.03058166934,116398.18794430814,0.0,0.0
2026-08-07,0.01112756931706711,-0.006216457079277049,0.0,112263.98229228496,95862.37850877848,116398.18794430814,0.0,0.0
2026-08-10,0.004769752960235474,0.011103753816133733,0.0,112799.45375415141,96926.810759969,116398.18794430814,0.0,0.0
2026-08-11,-0.006360484768522934,-6.928440958544626e-05,0.0,112081.99454665041,96920.09524311249,116398.18794430814,0.0,0.0
2026-08-12,0.00023757687780108245,-0.0070340761523364215,0.0,112108.62263697255,96238.35191248074,116398.18794430814,0.0,0.0
2026-08-13,0.000341959008417758,0.002275166362144887,0.0,112146.95919040457,96457.31017350027,116398.18794430814,0.0,0.0
2026-08-14,-0.016869381039031017,-0.011733412320800808,0.0,110255.10940345295,95325.53678187921,116398.18794430814,0.0,0.0
2026-08-17,0.0026452102309270312,-0.0005538966349299512,0.0,110546.75734685895,95272.73628783284,116398.18794430814,0.0,0.0
2026-08-18,-0.006666589142126167,0.002355017231223733,0.0,109809.78753463313,95497.10522345651,116398.18794430814,0.0,0.0
2026-08-19,-0.003194146562738554,0.013381618791890794,0.0,109459.03897922434,96775.01108128588,116398.18794430814,0.0,0.0
2026-08-20,-0.014081574940218222,0.001709074203192928,0.0,107917.68331895412,96940.4067562386,116398.18794430814,0.0,0.0
2026-08-21,-0.0011801022549567273,-0.004052275688529328,0.0,107790.32941751974,96547.57750270417,116398.18794430814,0.0,0.0
2026-08-24,0.0020341204154767254,0.010122462652391652,0.0,108009.58792717887,97524.87675015417,116398.18794430814,0.0,0.0
2026-08-25,-0.007349472713602312,0.002513590090177775,0.0,107215.77440790064,97770.01431389918,116398.18794430814,0.0,0.0
2026-08-26,0.011982477252993153,0.006311449943530523,0.0,108500.48498590535,98387.08486521961,116398.18794430814,0.0,0.0
2026-08-27,-0.001387293719515448,-0.004278826861272078,0.0,108349.96294452001,97966.10356369606,116398.18794430814,0.0,0.0
2026-08-28,-0.002605964191631105,-0.0005795684553685067,0.0,108067.60682092204,97909.32550037518,116398.18794430814,0.0,0.0
2026-08-31,-0.009679334882138613,0.003778694254174497,0.0,107021.58426459105,98279.29490607354,116398.18794430814,0.0,0.0
2026-09-01,0.0059025905826684,0.004601827123325975,0.0,107653.28886001349,98731.55923103367,116398.18794430814,0.0,0.0
2026-09-02,-0.017168977000510545,-0.003369043621381019,0.0,105804.99201954658,98398.92830117735,116398.18794430814,0.0,0.0
2026-09-03,0.009688993017286141,0.0023580317173399253,0.0,106830.13584841798,98630.95609506378,116398.18794430814,0.0,0.0
2026-09-04,0.006558855088249738,0.0029334773993898717,0.0,107530.8192285058,98920.28777564886,116398.18794430814,0.0,0.0
