signal_date,execution_date,symbol,factor_rank,composite_score,target_weight
2020-04-30,2021-03-11,600519.SS,1,0.9090667713005794,0.2
2020-06-30,2021-03-11,300750.SZ,1,0.5281752627698233,0.2
2020-07-31,2021-03-11,000858.SZ,1,0.5075699311888283,0.2
2020-09-30,2021-03-11,002594.SZ,1,0.6941634621777583,0.2
2020-11-30,2021-03-11,600036.SS,1,0.3792701282995276,0.2
2021-03-31,2021-04-01,000651.SZ,1,0.8347231866880547,0.2
2021-03-31,2021-04-01,600900.SS,2,0.798246965322295,0.2
2021-03-31,2021-04-01,600036.SS,3,0.7688622990039807,0.2
2021-03-31,2021-04-01,600519.SS,4,0.34669819901201826,0.2
2021-03-31,2021-04-01,601318.SS,5,0.25712477541054946,0.2
2021-04-30,2021-05-06,000651.SZ,1,0.4888159662845677,0.2
2021-04-30,2021-05-06,600900.SS,2,0.4391990641573291,0.2
2021-04-30,2021-05-06,600036.SS,3,0.43228594068562304,0.2
2021-04-30,2021-05-06,300750.SZ,4,0.35754269319805054,0.2
2021-04-30,2021-05-06,000001.SZ,5,0.262921941311362,0.2
2021-05-31,2021-06-01,000001.SZ,1,0.45838491076956245,0.2
2021-05-31,2021-06-01,300750.SZ,2,0.41840395597794133,0.2
2021-05-31,2021-06-01,000858.SZ,3,0.3737532520131737,0.2
2021-05-31,2021-06-01,600036.SS,4,0.2822072863472792,0.2
2021-05-31,2021-06-01,600030.SS,5,0.11834817484424412,0.2
2021-06-30,2021-07-01,300750.SZ,1,0.584539055826512,0.2
2021-06-30,2021-07-01,002594.SZ,2,0.5840853505298468,0.2
2021-06-30,2021-07-01,600030.SS,3,0.1699990562111723,0.2
2021-06-30,2021-07-01,600036.SS,4,0.06966583398478438,0.2
2021-06-30,2021-07-01,000001.SZ,5,0.01550981082692321,0.2
2021-07-30,2021-08-02,002594.SZ,1,0.5731361456915213,0.2
2021-07-30,2021-08-02,300750.SZ,2,0.5695670545361613,0.2
2021-07-30,2021-08-02,600030.SS,3,0.3380435500748028,0.2
2021-07-30,2021-08-02,600900.SS,4,0.24321411265234322,0.2
2021-07-30,2021-08-02,600519.SS,5,0.14086628950764657,0.2
2021-08-31,2021-09-01,600900.SS,1,0.6253198081861797,0.2
2021-08-31,2021-09-01,600030.SS,2,0.6069605039904932,0.2
2021-08-31,2021-09-01,002594.SZ,3,0.585505442363826,0.2
2021-08-31,2021-09-01,600036.SS,4,0.3528217440810588,0.2
2021-08-31,2021-09-01,000333.SZ,5,0.2749427905296177,0.2
2021-09-30,2021-10-08,600900.SS,1,1.2317859241695714,0.2
2021-09-30,2021-10-08,600030.SS,2,0.6146165844234216,0.2
2021-09-30,2021-10-08,600036.SS,3,0.24022532519091386,0.2
2021-09-30,2021-10-08,000333.SZ,4,0.23880300495209375,0.2
2021-09-30,2021-10-08,300750.SZ,5,0.18615897669146186,0.2
2021-10-29,2021-11-01,300750.SZ,1,0.6077872003324327,0.2
2021-10-29,2021-11-01,600036.SS,2,0.3479722896433646,0.2
2021-10-29,2021-11-01,002594.SZ,3,0.3026414167988021,0.2
2021-10-29,2021-11-01,600900.SS,4,0.2748000463438438,0.2
2021-10-29,2021-11-01,600030.SS,5,0.2440995331820009,0.2
2021-11-30,2021-12-01,600519.SS,1,0.665140087150282,0.2
2021-11-30,2021-12-01,300750.SZ,2,0.40359727687407504,0.2
2021-11-30,2021-12-01,600276.SS,3,0.20805834299430348,0.2
2021-11-30,2021-12-01,600036.SS,4,0.1976259770678639,0.2
2021-11-30,2021-12-01,000858.SZ,5,0.13364182191530385,0.2
2021-12-31,2022-01-04,600519.SS,1,0.6407772440820023,0.2
2021-12-31,2022-01-04,600900.SS,2,0.32311756017806037,0.2
2021-12-31,2022-01-04,600030.SS,3,0.23719433152976074,0.2
2021-12-31,2022-01-04,600276.SS,4,0.15947754563795097,0.2
2021-12-31,2022-01-04,000333.SZ,5,0.1586318998919874,0.2
2022-01-28,2022-02-07,600900.SS,1,0.6121730586382812,0.2
2022-01-28,2022-02-07,600030.SS,2,0.4338249744626902,0.2
2022-01-28,2022-02-07,601318.SS,3,0.41315746270481624,0.2
2022-01-28,2022-02-07,000651.SZ,4,0.3877978093282391,0.2
2022-01-28,2022-02-07,000333.SZ,5,0.3170714918192436,0.2
2022-02-28,2022-03-01,600900.SS,1,1.01133374009938,0.2
2022-02-28,2022-03-01,000651.SZ,2,0.7546638904659217,0.2
2022-02-28,2022-03-01,601318.SS,3,0.6224027003377675,0.2
2022-02-28,2022-03-01,600030.SS,4,0.5921005489700453,0.2
2022-02-28,2022-03-01,600036.SS,5,0.39315549214155554,0.2
2022-03-31,2022-04-01,600900.SS,1,0.4904153793347409,0.2
2022-03-31,2022-04-01,000001.SZ,2,0.3994935554095643,0.2
2022-03-31,2022-04-01,002594.SZ,3,0.36421893896500684,0.2
2022-03-31,2022-04-01,601318.SS,4,0.2868928952635109,0.2
2022-03-31,2022-04-01,000651.SZ,5,0.16737178896203456,0.2
2022-04-29,2022-05-05,600900.SS,1,1.093739581491758,0.2
2022-04-29,2022-05-05,000001.SZ,2,0.5215663656319154,0.2
2022-04-29,2022-05-05,002594.SZ,3,0.4398905634635125,0.2
2022-04-29,2022-05-05,600519.SS,4,0.37029789917949313,0.2
2022-04-29,2022-05-05,601318.SS,5,0.22336421374478652,0.2
2022-05-31,2022-06-01,002594.SZ,1,0.5431621183520317,0.2
2022-05-31,2022-06-01,600519.SS,2,0.4988580832834444,0.2
2022-05-31,2022-06-01,600900.SS,3,0.40992442241052035,0.2
2022-05-31,2022-06-01,000651.SZ,4,0.25935360669051144,0.2
2022-05-31,2022-06-01,601318.SS,5,0.17891359591613626,0.2
2022-06-30,2022-07-01,000858.SZ,1,0.6112476799247321,0.2
2022-06-30,2022-07-01,600519.SS,2,0.5659775806782037,0.2
2022-06-30,2022-07-01,002594.SZ,3,0.5256480666182489,0.2
2022-06-30,2022-07-01,300750.SZ,4,0.02556722709606403,0.2
2022-06-30,2022-07-01,600276.SS,5,-0.018226530721864143,0.2
2022-07-29,2022-08-01,300750.SZ,1,0.573533696005369,0.2
2022-07-29,2022-08-01,600519.SS,2,0.4068754576159172,0.2
2022-07-29,2022-08-01,000858.SZ,3,0.3894633628135121,0.2
2022-07-29,2022-08-01,600900.SS,4,0.349999152238852,0.2
2022-07-29,2022-08-01,600276.SS,5,0.33518934789978627,0.2
2022-08-31,2022-09-01,000651.SZ,1,0.7357909752742895,0.2
2022-08-31,2022-09-01,600900.SS,2,0.5854592042048994,0.2
2022-08-31,2022-09-01,600519.SS,3,0.3532252490708123,0.2
2022-08-31,2022-09-01,600030.SS,4,0.164354009919227,0.2
2022-08-31,2022-09-01,601318.SS,5,0.10462657965811059,0.2
2022-09-30,2022-10-10,600900.SS,1,0.774191483954508,0.2
2022-09-30,2022-10-10,000651.SZ,2,0.6182884725008773,0.2
2022-09-30,2022-10-10,601318.SS,3,0.5329940923220805,0.2
2022-09-30,2022-10-10,600519.SS,4,0.4655762691205274,0.2
2022-09-30,2022-10-10,600036.SS,5,0.17831025029654018,0.2
2022-10-31,2022-11-01,000651.SZ,1,0.7901642585350659,0.2
2022-10-31,2022-11-01,600900.SS,2,0.6367610246580016,0.2
2022-10-31,2022-11-01,600276.SS,3,0.6079776155029485,0.2
2022-10-31,2022-11-01,600030.SS,4,0.4922850620875753,0.2
2022-10-31,2022-11-01,601318.SS,5,0.39077292056934715,0.2
2022-11-30,2022-12-01,600030.SS,1,0.6614202805764806,0.2
2022-11-30,2022-12-01,600276.SS,2,0.6090443856307786,0.2
2022-11-30,2022-12-01,000651.SZ,3,0.45859348950394097,0.2
2022-11-30,2022-12-01,601318.SS,4,0.38187077876132036,0.2
2022-11-30,2022-12-01,000001.SZ,5,0.08643270851809158,0.2
2022-12-30,2023-01-03,600036.SS,1,0.43792185451275184,0.2
2022-12-30,2023-01-03,600519.SS,2,0.4078103021239138,0.2
2022-12-30,2023-01-03,601318.SS,3,0.3063185839390705,0.2
2022-12-30,2023-01-03,000858.SZ,4,0.26581112662730766,0.2
2022-12-30,2023-01-03,000333.SZ,5,0.21247261675148502,0.2
2023-01-31,2023-02-01,600036.SS,1,0.7733049661692795,0.2
2023-01-31,2023-02-01,000001.SZ,2,0.5593248818479275,0.2
2023-01-31,2023-02-01,600519.SS,3,0.3776458892918269,0.2
2023-01-31,2023-02-01,000858.SZ,4,0.37721100637834903,0.2
2023-01-31,2023-02-01,601318.SS,5,0.3118539520513347,0.2
2023-02-28,2023-03-01,600276.SS,1,0.6600494729983208,0.2
2023-02-28,2023-03-01,600519.SS,2,0.5971407271051602,0.2
2023-02-28,2023-03-01,000858.SZ,3,0.43525648375512094,0.2
2023-02-28,2023-03-01,000651.SZ,4,0.3265568305305889,0.2
2023-02-28,2023-03-01,601318.SS,5,0.2158617466549787,0.2
2023-03-31,2023-04-03,000651.SZ,1,0.7386311385226721,0.2
2023-03-31,2023-04-03,600519.SS,2,0.6653559346651008,0.2
2023-03-31,2023-04-03,600030.SS,3,0.35130561122984894,0.2
2023-03-31,2023-04-03,600900.SS,4,0.33069417884435176,0.2
2023-03-31,2023-04-03,600276.SS,5,0.21942692483420745,0.2
2023-04-28,2023-05-04,000651.SZ,1,0.7661511678195593,0.2
2023-04-28,2023-05-04,600276.SS,2,0.5844514737568309,0.2
2023-04-28,2023-05-04,000333.SZ,3,0.4318413964052171,0.2
2023-04-28,2023-05-04,600900.SS,4,0.37491404807680756,0.2
2023-04-28,2023-05-04,600030.SS,5,0.2564506363984662,0.2
2023-05-31,2023-06-01,600900.SS,1,0.8587386831167728,0.2
2023-05-31,2023-06-01,600276.SS,2,0.5385958798389437,0.2
2023-05-31,2023-06-01,002594.SZ,3,0.2898448362301376,0.2
2023-05-31,2023-06-01,600519.SS,4,0.2870071192427279,0.2
2023-05-31,2023-06-01,000333.SZ,5,0.16019118213792233,0.2
2023-06-30,2023-07-03,000333.SZ,1,0.6793204301490638,0.2
2023-06-30,2023-07-03,002594.SZ,2,0.4280407987065435,0.2
2023-06-30,2023-07-03,600900.SS,3,0.35816091579795106,0.2
2023-06-30,2023-07-03,600276.SS,4,0.3555813165948063,0.2
2023-06-30,2023-07-03,600519.SS,5,0.1768382237353902,0.2
2023-07-31,2023-08-01,600519.SS,1,0.6113060239279973,0.2
2023-07-31,2023-08-01,000333.SZ,2,0.3278782375794038,0.2
2023-07-31,2023-08-01,000651.SZ,3,0.31237991998996273,0.2
2023-07-31,2023-08-01,000858.SZ,4,0.18014694436799866,0.2
2023-07-31,2023-08-01,600030.SS,5,0.15247121432120936,0.2
2023-08-31,2023-09-01,600519.SS,1,0.7643302736704779,0.2
2023-08-31,2023-09-01,600900.SS,2,0.6540966622326518,0.2
2023-08-31,2023-09-01,000651.SZ,3,0.4931995936744722,0.2
2023-08-31,2023-09-01,600030.SS,4,0.3568983270689521,0.2
2023-08-31,2023-09-01,300750.SZ,5,0.2670691608298072,0.2
2023-09-28,2023-10-09,600900.SS,1,0.7480679263283394,0.2
2023-09-28,2023-10-09,600519.SS,2,0.47028069354704527,0.2
2023-09-28,2023-10-09,600030.SS,3,0.382587923731288,0.2
2023-09-28,2023-10-09,600036.SS,4,0.32357536173636714,0.2
2023-09-28,2023-10-09,000651.SZ,5,0.31974884109253865,0.2
2023-10-31,2023-11-01,600900.SS,1,1.1691643389416737,0.2
2023-10-31,2023-11-01,600276.SS,2,0.9698101939495487,0.2
2023-10-31,2023-11-01,600030.SS,3,0.33629326141154703,0.2
2023-10-31,2023-11-01,600036.SS,4,0.23389715102288877,0.2
2023-10-31,2023-11-01,601318.SS,5,0.18687233321680524,0.2
2023-11-30,2023-12-01,600900.SS,1,0.8768935172949281,0.2
2023-11-30,2023-12-01,600276.SS,2,0.6660407971223674,0.2
2023-11-30,2023-12-01,600519.SS,3,0.5477471353351856,0.2
2023-11-30,2023-12-01,600030.SS,4,0.2427411437695449,0.2
2023-11-30,2023-12-01,000858.SZ,5,0.20170236091446603,0.2
2023-12-29,2024-01-02,600900.SS,1,1.3254473421054689,0.2
2023-12-29,2024-01-02,000333.SZ,2,1.0466817124840146,0.2
2023-12-29,2024-01-02,600030.SS,3,0.3642681927252933,0.2
2023-12-29,2024-01-02,600276.SS,4,0.33758179114285947,0.2
2023-12-29,2024-01-02,600519.SS,5,0.3155656957507517,0.2
2024-01-31,2024-02-01,600900.SS,1,0.710656106126869,0.2
2024-01-31,2024-02-01,000333.SZ,2,0.6851620040063703,0.2
2024-01-31,2024-02-01,000651.SZ,3,0.668969260587859,0.2
2024-01-31,2024-02-01,600036.SS,4,0.6405669569751283,0.2
2024-01-31,2024-02-01,000001.SZ,5,0.060086646827599614,0.2
2024-02-29,2024-03-01,000333.SZ,1,0.8446405276321721,0.2
2024-02-29,2024-03-01,000651.SZ,2,0.8183917348983503,0.2
2024-02-29,2024-03-01,600900.SS,3,0.4741428808948406,0.2
2024-02-29,2024-03-01,600036.SS,4,0.4323271743383135,0.2
2024-02-29,2024-03-01,000001.SZ,5,0.40128065248857814,0.2
2024-03-29,2024-04-01,002594.SZ,1,0.4005894448863878,0.2
2024-03-29,2024-04-01,000858.SZ,2,0.3043382631689152,0.2
2024-03-29,2024-04-01,300750.SZ,3,0.28117497243680345,0.2
2024-03-29,2024-04-01,000651.SZ,4,0.24130328515923471,0.2
2024-03-29,2024-04-01,000333.SZ,5,0.19828829911596774,0.2
2024-04-30,2024-05-06,000333.SZ,1,1.0140078431880712,0.2
2024-04-30,2024-05-06,600036.SS,2,0.5308253450427223,0.2
2024-04-30,2024-05-06,000651.SZ,3,0.378899801523873,0.2
2024-04-30,2024-05-06,600900.SS,4,0.2686005053807134,0.2
2024-04-30,2024-05-06,300750.SZ,5,0.2558940038993286,0.2
2024-05-31,2024-06-03,300750.SZ,1,0.44776776819256314,0.2
2024-05-31,2024-06-03,600900.SS,2,0.4337823934133268,0.2
2024-05-31,2024-06-03,000001.SZ,3,0.27336142457297197,0.2
2024-05-31,2024-06-03,600036.SS,4,0.1664293501334566,0.2
2024-05-31,2024-06-03,002594.SZ,5,0.11298554955865234,0.2
2024-06-28,2024-07-01,600900.SS,1,0.592160527080026,0.2
2024-06-28,2024-07-01,002594.SZ,2,0.4928207554548939,0.2
2024-06-28,2024-07-01,600030.SS,3,0.36416099368813704,0.2
2024-06-28,2024-07-01,601318.SS,4,0.36194921789413737,0.2
2024-06-28,2024-07-01,000001.SZ,5,0.2112489017291262,0.2
2024-07-31,2024-08-01,600900.SS,1,1.2376816617916886,0.2
2024-07-31,2024-08-01,002594.SZ,2,0.33331785501938505,0.2
2024-07-31,2024-08-01,601318.SS,3,0.24978538814027307,0.2
2024-07-31,2024-08-01,600030.SS,4,0.23323128200496426,0.2
2024-07-31,2024-08-01,600036.SS,5,0.2258280564852341,0.2
2024-08-30,2024-09-02,601318.SS,1,0.5442377560445106,0.2
2024-08-30,2024-09-02,000651.SZ,2,0.4601226062919923,0.2
2024-08-30,2024-09-02,600030.SS,3,0.3624534683594577,0.2
2024-08-30,2024-09-02,600900.SS,4,0.3031696145173105,0.2
2024-08-30,2024-09-02,600036.SS,5,0.21223170134780758,0.2
2024-09-30,2024-10-08,601318.SS,1,0.5548676048365639,0.2
2024-09-30,2024-10-08,000651.SZ,2,0.5258683916571566,0.2
2024-09-30,2024-10-08,300750.SZ,3,0.37744617872212377,0.2
2024-09-30,2024-10-08,600030.SS,4,0.33648010409718543,0.2
2024-09-30,2024-10-08,600276.SS,5,0.12437016914959287,0.2
2024-10-31,2024-11-01,600030.SS,1,0.678779152810476,0.2
2024-10-31,2024-11-01,601318.SS,2,0.5461864426310464,0.2
2024-10-31,2024-11-01,002594.SZ,3,0.2528085125043316,0.2
2024-10-31,2024-11-01,000651.SZ,4,0.24050888506833332,0.2
2024-10-31,2024-11-01,600036.SS,5,0.13108414708071944,0.2
2024-11-29,2024-12-02,600030.SS,1,0.6857632012500825,0.2
2024-11-29,2024-12-02,300750.SZ,2,0.5576436821827214,0.2
2024-11-29,2024-12-02,600036.SS,3,0.12399037231544228,0.2
2024-11-29,2024-12-02,000858.SZ,4,0.06247187117683316,0.2
2024-11-29,2024-12-02,600519.SS,5,-0.06649149132568166,0.2
2024-12-31,2025-01-02,600900.SS,1,0.7952933355520327,0.2
2024-12-31,2025-01-02,000333.SZ,2,0.5283145710245825,0.2
2024-12-31,2025-01-02,000001.SZ,3,0.42080198710480815,0.2
2024-12-31,2025-01-02,600030.SS,4,0.3504693631418886,0.2
2024-12-31,2025-01-02,600519.SS,5,0.07280807221950028,0.2
2025-01-27,2025-02-05,600036.SS,1,0.8119159087743817,0.2
2025-01-27,2025-02-05,600900.SS,2,0.8102980912587208,0.2
2025-01-27,2025-02-05,000333.SZ,3,0.6004198788202807,0.2
2025-01-27,2025-02-05,000651.SZ,4,0.3587057801322836,0.2
2025-01-27,2025-02-05,000001.SZ,5,0.3178882040556472,0.2
2025-02-28,2025-03-03,002594.SZ,1,1.0747859980214494,0.2
2025-02-28,2025-03-03,600036.SS,2,0.6760768584011443,0.2
2025-02-28,2025-03-03,600519.SS,3,0.11274137573145455,0.2
2025-02-28,2025-03-03,000001.SZ,4,0.024665288207589564,0.2
2025-02-28,2025-03-03,300750.SZ,5,-0.04711897208682435,0.2
2025-03-31,2025-04-01,600036.SS,1,0.4477377521692577,0.2
2025-03-31,2025-04-01,002594.SZ,2,0.4235434419423216,0.2
2025-03-31,2025-04-01,000333.SZ,3,0.3792890695351977,0.2
2025-03-31,2025-04-01,000651.SZ,4,0.2793214190497113,0.2
2025-03-31,2025-04-01,600519.SS,5,0.1391178834832161,0.2
2025-04-30,2025-05-06,600900.SS,1,0.5667269703015438,0.2
2025-04-30,2025-05-06,600276.SS,2,0.5211939752144924,0.2
2025-04-30,2025-05-06,600519.SS,3,0.49768158280722363,0.2
2025-04-30,2025-05-06,000651.SZ,4,0.32704208412378494,0.2
2025-04-30,2025-05-06,600036.SS,5,0.3038517437705879,0.2
2025-05-30,2025-06-03,600276.SS,1,0.5595545619924222,0.2
2025-05-30,2025-06-03,000333.SZ,2,0.5053390498295615,0.2
2025-05-30,2025-06-03,000651.SZ,3,0.45305133684907756,0.2
2025-05-30,2025-06-03,600900.SS,4,0.44413467801595946,0.2
2025-05-30,2025-06-03,000001.SZ,5,0.16264782119866322,0.2
2025-06-30,2025-07-01,600036.SS,1,0.8788391297469994,0.2
2025-06-30,2025-07-01,000001.SZ,2,0.8633973733634285,0.2
2025-06-30,2025-07-01,600900.SS,3,0.7089353186590236,0.2
2025-06-30,2025-07-01,601318.SS,4,0.42771403278194325,0.2
2025-06-30,2025-07-01,000651.SZ,5,0.0654528429916777,0.2
2025-07-31,2025-08-01,600030.SS,1,0.47115922810790695,0.2
2025-07-31,2025-08-01,601318.SS,2,0.3324019219931197,0.2
2025-07-31,2025-08-01,300750.SZ,3,0.19686259403963444,0.2
2025-07-31,2025-08-01,000001.SZ,4,0.06846417670269517,0.2
2025-07-31,2025-08-01,600036.SS,5,0.061927797004183285,0.2
2025-08-29,2025-09-01,600030.SS,1,0.645272845860099,0.2
2025-08-29,2025-09-01,600276.SS,2,0.38272806261182063,0.2
2025-08-29,2025-09-01,601318.SS,3,0.3462553422220308,0.2
2025-08-29,2025-09-01,300750.SZ,4,0.26032449749658376,0.2
2025-08-29,2025-09-01,000858.SZ,5,0.0076533724534982705,0.2
2025-09-30,2025-10-09,300750.SZ,1,0.570584961670177,0.2
2025-09-30,2025-10-09,600276.SS,2,0.2844881568457338,0.2
2025-09-30,2025-10-09,000333.SZ,3,0.21442735303029414,0.2
2025-09-30,2025-10-09,600519.SS,4,0.20538715089501236,0.2
2025-09-30,2025-10-09,601318.SS,5,-0.0034429433197408488,0.2
2025-10-31,2025-11-03,600900.SS,1,0.3156247628113497,0.2
2025-10-31,2025-11-03,000333.SZ,2,0.27647864750773843,0.2
2025-10-31,2025-11-03,300750.SZ,3,0.2378849413085629,0.2
2025-10-31,2025-11-03,601318.SS,4,0.07575476942869179,0.2
2025-10-31,2025-11-03,000001.SZ,5,0.06554275159420758,0.2
2025-11-28,2025-12-01,600900.SS,1,0.6066788001952865,0.2
2025-11-28,2025-12-01,000001.SZ,2,0.5734031000651307,0.2
2025-11-28,2025-12-01,600519.SS,3,0.555831365225893,0.2
2025-11-28,2025-12-01,600036.SS,4,0.5438421998182266,0.2
2025-11-28,2025-12-01,000333.SZ,5,0.494777193532833,0.2
2025-12-31,2026-01-05,601318.SS,1,0.7789100173609651,0.2
2025-12-31,2026-01-05,000651.SZ,2,0.5079754492282436,0.2
2025-12-31,2026-01-05,000333.SZ,3,0.3744671667772522,0.2
2025-12-31,2026-01-05,600900.SS,4,0.1943710397385301,0.2
2025-12-31,2026-01-05,600519.SS,5,0.17741198895919308,0.2
2026-01-30,2026-02-02,000651.SZ,1,0.6475065866329691,0.2
2026-01-30,2026-02-02,000333.SZ,2,0.5077110831952782,0.2
2026-01-30,2026-02-02,601318.SS,3,0.21438138300434592,0.2
2026-01-30,2026-02-02,600276.SS,4,0.12065382660210144,0.2
2026-01-30,2026-02-02,600519.SS,5,0.09021177815580463,0.2
2026-02-27,2026-03-02,600519.SS,1,0.49866905885881635,0.2
2026-02-27,2026-03-02,601318.SS,2,0.4973233202620895,0.2
2026-02-27,2026-03-02,600030.SS,3,0.44353528776726425,0.2
2026-02-27,2026-03-02,000333.SZ,4,0.4402200519357038,0.2
2026-02-27,2026-03-02,000651.SZ,5,0.13785697127180718,0.2
2026-03-31,2026-04-01,002594.SZ,1,0.7437767849172875,0.2
2026-03-31,2026-04-01,300750.SZ,2,0.4966148992897734,0.2
2026-03-31,2026-04-01,600900.SS,3,0.42314709297753633,0.2
2026-03-31,2026-04-01,600036.SS,4,0.2604583432352932,0.2
2026-03-31,2026-04-01,600519.SS,5,0.23495537473251915,0.2
2026-04-30,2026-05-06,300750.SZ,1,0.6401658954968446,0.2
2026-04-30,2026-05-06,600900.SS,2,0.4644634512252963,0.2
2026-04-30,2026-05-06,000333.SZ,3,0.462728725558655,0.2
2026-04-30,2026-05-06,600036.SS,4,0.13229963902846906,0.2
2026-04-30,2026-05-06,000001.SZ,5,0.07805122668961875,0.2
2026-05-29,2026-06-01,000333.SZ,1,0.7081480193399052,0.2
2026-05-29,2026-06-01,600900.SS,2,0.648325965097582,0.2
2026-05-29,2026-06-01,000651.SZ,3,0.5518605670744603,0.2
2026-05-29,2026-06-01,600030.SS,4,0.5214297656768034,0.2
2026-05-29,2026-06-01,000001.SZ,5,0.220465523869188,0.2
2026-06-30,2026-07-01,600030.SS,1,0.5648732886116572,0.2
2026-06-30,2026-07-01,000333.SZ,2,0.48295258467180935,0.2
2026-06-30,2026-07-01,000651.SZ,3,0.46406920758056414,0.2
2026-06-30,2026-07-01,600900.SS,4,0.3846217202288773,0.2
2026-06-30,2026-07-01,000001.SZ,5,0.37532803811057924,0.2
