baostock_code,symbol,stock_name,number_of_rows,first_date,last_date,suspended_days,st_days,average_turnover_rate,industry,stale_days,coverage_status
sh.600000,600000.SS,浦发银行,1864,2019-01-02,2026-09-07,0,0,0.16017083744635194,J66货币金融服务,0,COMPLETE
sh.600009,600009.SS,上海机场,1864,2019-01-02,2026-09-07,11,0,0.957435276848354,G56航空运输业,0,COMPLETE
sh.600010,600010.SS,包钢股份,1864,2019-01-02,2026-09-07,0,0,1.7395601153433475,C31黑色金属冶炼和压延加工业,0,COMPLETE
sh.600011,600011.SS,华能国际,1864,2019-01-02,2026-09-07,0,0,0.6202113728540772,D44电力、热力生产和供应业,0,COMPLETE
sh.600015,600015.SS,华夏银行,1864,2019-01-02,2026-09-07,0,0,0.27019849141630903,J66货币金融服务,0,COMPLETE
sh.600016,600016.SS,民生银行,1864,2019-01-02,2026-09-07,0,0,0.37603717650214596,J66货币金融服务,0,COMPLETE
sh.600018,600018.SS,上港集团,1864,2019-01-02,2026-09-07,0,0,0.16243163465665236,G55水上运输业,0,COMPLETE
sh.600019,600019.SS,宝钢股份,1864,2019-01-02,2026-09-07,0,0,0.398634839055794,C31黑色金属冶炼和压延加工业,0,COMPLETE
sh.600023,600023.SS,浙能电力,1864,2019-01-02,2026-09-07,0,0,0.3146996587982832,D44电力、热力生产和供应业,0,COMPLETE
sh.600025,600025.SS,华能水电,1864,2019-01-02,2026-09-07,0,0,0.24047447693133045,D44电力、热力生产和供应业,0,COMPLETE
sh.600026,600026.SS,中远海能,1864,2019-01-02,2026-09-07,2,0,1.2774000725026853,G55水上运输业,0,COMPLETE
sh.600027,600027.SS,华电国际,1864,2019-01-02,2026-09-07,11,0,0.8450182428494334,D44电力、热力生产和供应业,0,COMPLETE
sh.600028,600028.SS,中国石化,1864,2019-01-02,2026-09-07,0,0,0.1606493379828326,B07石油和天然气开采业,0,COMPLETE
sh.600029,600029.SS,南方航空,1864,2019-01-02,2026-09-07,0,0,0.5561903782188842,G56航空运输业,0,COMPLETE
sh.600030,600030.SS,中信证券,1864,2019-01-02,2026-09-07,13,0,1.1624087379794705,J67资本市场服务,0,COMPLETE
sh.600031,600031.SS,三一重工,1864,2019-01-02,2026-09-07,0,0,0.9929035815450643,C35专用设备制造业,0,COMPLETE
sh.600036,600036.SS,招商银行,1864,2019-01-02,2026-09-07,0,0,0.31753122693133046,J66货币金融服务,0,COMPLETE
sh.600039,600039.SS,四川路桥,1864,2019-01-02,2026-09-07,12,0,0.666092826673866,E48土木工程建筑业,0,COMPLETE
sh.600048,600048.SS,保利发展,1864,2019-01-02,2026-09-07,0,0,0.8574228181330472,K70房地产业,0,COMPLETE
sh.600050,600050.SS,中国联通,1864,2019-01-02,2026-09-07,0,0,0.7355851475321888,I63电信、广播电视和卫星传输服务,0,COMPLETE
sh.600061,600061.SS,国投资本,1864,2019-01-02,2026-09-07,0,0,0.5564371829399142,J67资本市场服务,0,COMPLETE
sh.600066,600066.SS,宇通客车,1864,2019-01-02,2026-09-07,1,0,0.9544422995169082,C36汽车制造业,0,COMPLETE
sh.600085,600085.SS,同仁堂,1864,2019-01-02,2026-09-07,0,0,0.817570073497854,C27医药制造业,0,COMPLETE
sh.600089,600089.SS,特变电工,1864,2019-01-02,2026-09-07,0,0,2.0238280488197424,C38电气机械和器材制造业,0,COMPLETE
sh.600104,600104.SS,上汽集团,1864,2019-01-02,2026-09-07,0,0,0.3544362746781116,C36汽车制造业,0,COMPLETE
sh.600111,600111.SS,北方稀土,1864,2019-01-02,2026-09-07,0,0,2.3500553154506436,C32有色金属冶炼和压延加工业,0,COMPLETE
sh.600115,600115.SS,中国东航,1864,2019-01-02,2026-09-07,0,0,0.5045558229613735,G56航空运输业,0,COMPLETE
sh.600118,600118.SS,中国卫星,1864,2019-01-02,2026-09-07,0,0,2.02940654667382,C39计算机、通信和其他电子设备制造业,0,COMPLETE
sh.600150,600150.SS,中国船舶,1864,2019-01-02,2026-09-07,26,57,1.4836892497279652,C37铁路、船舶、航空航天和其他运输设备制造业,0,COMPLETE
sh.600160,600160.SS,巨化股份,1864,2019-01-02,2026-09-07,10,0,1.1904006294498382,C26化学原料和化学制品制造业,0,COMPLETE
sh.600176,600176.SS,中国巨石,1864,2019-01-02,2026-09-07,10,0,1.2642836979503775,C30非金属矿物制品业,0,COMPLETE
sh.600183,600183.SS,生益科技,1864,2019-01-02,2026-09-07,0,0,1.4006889957081545,C39计算机、通信和其他电子设备制造业,0,COMPLETE
sh.600188,600188.SS,兖矿能源,1864,2019-01-02,2026-09-07,0,0,0.8457851732832617,B06煤炭开采和洗选业,0,COMPLETE
sh.600196,600196.SS,复星医药,1864,2019-01-02,2026-09-07,0,0,1.468005044527897,C27医药制造业,0,COMPLETE
sh.600219,600219.SS,南山铝业,1864,2019-01-02,2026-09-07,0,0,1.1282337559012876,C32有色金属冶炼和压延加工业,0,COMPLETE
sh.600221,600221.SS,海航控股,1864,2019-01-02,2026-09-07,4,395,0.7524752016129033,G56航空运输业,0,COMPLETE
sh.600233,600233.SS,圆通速递,1864,2019-01-02,2026-09-07,0,0,0.5790029329399142,G60邮政业,0,COMPLETE
sh.600276,600276.SS,恒瑞医药,1864,2019-01-02,2026-09-07,0,0,0.6630832907725321,C27医药制造业,0,COMPLETE
sh.600309,600309.SS,万华化学,1864,2019-01-02,2026-09-07,0,0,0.9699987628755365,C26化学原料和化学制品制造业,0,COMPLETE
sh.600346,600346.SS,恒力石化,1864,2019-01-02,2026-09-07,0,0,0.47504662982832613,C26化学原料和化学制品制造业,0,COMPLETE
sh.600362,600362.SS,江西铜业,1864,2019-01-02,2026-09-07,0,0,1.4783462784334764,C32有色金属冶炼和压延加工业,0,COMPLETE
sh.600372,600372.SS,中航机载,1864,2019-01-02,2026-09-07,18,0,0.812296741603467,C37铁路、船舶、航空航天和其他运输设备制造业,0,COMPLETE
sh.600406,600406.SS,国电南瑞,1864,2019-01-02,2026-09-07,0,0,0.5587245665236052,I65软件和信息技术服务业,0,COMPLETE
sh.600415,600415.SS,小商品城,1864,2019-01-02,2026-09-07,0,0,1.1027480949570816,L72商务服务业,0,COMPLETE
sh.600426,600426.SS,华鲁恒升,1864,2019-01-02,2026-09-07,0,0,1.0273090182403433,C26化学原料和化学制品制造业,0,COMPLETE
sh.600436,600436.SS,片仔癀,1864,2019-01-02,2026-09-07,0,0,0.542076169527897,C27医药制造业,0,COMPLETE
sh.600438,600438.SS,通威股份,1864,2019-01-02,2026-09-07,10,0,1.4541810798274002,C38电气机械和器材制造业,0,COMPLETE
sh.600460,600460.SS,士兰微,1864,2019-01-02,2026-09-07,11,0,3.295256150026983,C39计算机、通信和其他电子设备制造业,0,COMPLETE
sh.600482,600482.SS,中国动力,1864,2019-01-02,2026-09-07,11,0,0.8055972428494333,C37铁路、船舶、航空航天和其他运输设备制造业,0,COMPLETE
sh.600489,600489.SS,中金黄金,1864,2019-01-02,2026-09-07,1,0,1.3578485405260334,B09有色金属矿采选业,0,COMPLETE
sh.600515,600515.SS,海南机场,1864,2019-01-02,2026-09-07,5,400,1.289876125336202,K70房地产业,0,COMPLETE
sh.600519,600519.SS,贵州茅台,1864,2019-01-02,2026-09-07,0,0,0.2818316942060086,C15酒、饮料和精制茶制造业,0,COMPLETE
sh.600522,600522.SS,中天科技,1864,2019-01-02,2026-09-07,0,0,2.598701176502146,C38电气机械和器材制造业,0,COMPLETE
sh.600547,600547.SS,山东黄金,1864,2019-01-02,2026-09-07,1,0,1.1815708894256576,B09有色金属矿采选业,0,COMPLETE
sh.600549,600549.SS,厦门钨业,1864,2019-01-02,2026-09-07,0,0,1.9850213251072961,C32有色金属冶炼和压延加工业,0,COMPLETE
sh.600570,600570.SS,恒生电子,1864,2019-01-02,2026-09-07,0,0,1.7875928782188841,I65软件和信息技术服务业,0,COMPLETE
sh.600584,600584.SS,长电科技,1864,2019-01-02,2026-09-07,5,0,3.9655852910166756,C39计算机、通信和其他电子设备制造业,0,COMPLETE
sh.600585,600585.SS,海螺水泥,1864,2019-01-02,2026-09-07,0,0,0.6366440059012874,C30非金属矿物制品业,0,COMPLETE
sh.600588,600588.SS,用友网络,1864,2019-01-02,2026-09-07,0,0,1.1551596480686694,I65软件和信息技术服务业,0,COMPLETE
sh.600600,600600.SS,青岛啤酒,1864,2019-01-02,2026-09-07,0,0,0.9012555928111587,C15酒、饮料和精制茶制造业,0,COMPLETE
sh.600660,600660.SS,福耀玻璃,1864,2019-01-02,2026-09-07,0,0,0.7694380869098713,C30非金属矿物制品业,0,COMPLETE
sh.600674,600674.SS,川投能源,1864,2019-01-02,2026-09-07,0,0,0.33810494527896995,D44电力、热力生产和供应业,0,COMPLETE
sh.600690,600690.SS,海尔智家,1864,2019-01-02,2026-09-07,2,0,0.6142333958109559,C38电气机械和器材制造业,0,COMPLETE
sh.600741,600741.SS,华域汽车,1864,2019-01-02,2026-09-07,0,0,0.5166682682403434,C36汽车制造业,0,COMPLETE
sh.600760,600760.SS,中航沈飞,1864,2019-01-02,2026-09-07,0,0,1.4865287199570816,C37铁路、船舶、航空航天和其他运输设备制造业,0,COMPLETE
sh.600795,600795.SS,国电电力,1864,2019-01-02,2026-09-07,0,0,0.6597087703862661,D44电力、热力生产和供应业,0,COMPLETE
sh.600803,600803.SS,新奥股份,1864,2019-01-02,2026-09-07,19,0,0.666223125203252,D45燃气生产和供应业,0,COMPLETE
sh.600809,600809.SS,山西汾酒,1864,2019-01-02,2026-09-07,0,0,0.5787070515021459,C15酒、饮料和精制茶制造业,0,COMPLETE
sh.600845,600845.SS,宝信软件,1864,2019-01-02,2026-09-07,1,0,0.7210102560386473,I65软件和信息技术服务业,0,COMPLETE
sh.600875,600875.SS,东方电气,1864,2019-01-02,2026-09-07,0,0,1.7360960236051504,C34通用设备制造业,0,COMPLETE
sh.600886,600886.SS,国投电力,1864,2019-01-02,2026-09-07,0,0,0.34152061051502147,D44电力、热力生产和供应业,0,COMPLETE
sh.600887,600887.SS,伊利股份,1864,2019-01-02,2026-09-07,0,0,0.8355119329399141,C14食品制造业,0,COMPLETE
sh.600893,600893.SS,航发动力,1864,2019-01-02,2026-09-07,11,0,1.064736580140313,C37铁路、船舶、航空航天和其他运输设备制造业,0,COMPLETE
sh.600900,600900.SS,长江电力,1864,2019-01-02,2026-09-07,11,0,0.25204087371829464,D44电力、热力生产和供应业,0,COMPLETE
sh.600905,600905.SS,三峡能源,1273,2021-06-10,2026-09-07,0,0,1.9708908876669287,D44电力、热力生产和供应业,0,COMPLETE
sh.600918,600918.SS,中泰证券,1521,2020-06-03,2026-09-07,0,0,2.2485968441814594,J67资本市场服务,0,COMPLETE
sh.600919,600919.SS,江苏银行,1864,2019-01-02,2026-09-07,6,0,0.6094451103336922,J66货币金融服务,0,COMPLETE
sh.600926,600926.SS,杭州银行,1864,2019-01-02,2026-09-07,0,0,0.6023400493562232,J66货币金融服务,0,COMPLETE
sh.600930,600930.SS,华电新能,280,2025-07-16,2026-09-07,0,0,5.876376071428571,D44电力、热力生产和供应业,0,COMPLETE
sh.600938,600938.SS,中国海油,1064,2022-04-21,2026-09-07,0,0,2.401029229323308,B07石油和天然气开采业,0,COMPLETE
sh.600941,600941.SS,中国移动,1133,2022-01-05,2026-09-07,0,0,1.679776345984113,I63电信、广播电视和卫星传输服务,0,COMPLETE
sh.600958,600958.SS,东方证券,1864,2019-01-02,2026-09-07,16,0,1.025022979978355,J67资本市场服务,0,COMPLETE
sh.600989,600989.SS,宝丰能源,1777,2019-05-16,2026-09-07,0,0,1.5897097945976364,C26化学原料和化学制品制造业,0,COMPLETE
sh.600999,600999.SS,招商证券,1864,2019-01-02,2026-09-07,6,0,0.43430756781485463,J67资本市场服务,0,COMPLETE
sh.601006,601006.SS,大秦铁路,1864,2019-01-02,2026-09-07,0,0,0.34329105633047213,G53铁路运输业,0,COMPLETE
sh.601009,601009.SS,南京银行,1864,2019-01-02,2026-09-07,0,0,0.4674912703862661,J66货币金融服务,0,COMPLETE
sh.601012,601012.SS,隆基绿能,1864,2019-01-02,2026-09-07,6,0,1.5010162944025833,C38电气机械和器材制造业,0,COMPLETE
sh.601018,601018.SS,宁波港,1864,2019-01-02,2026-09-07,0,0,0.2006005756437768,G55水上运输业,0,COMPLETE
sh.601021,601021.SS,春秋航空,1864,2019-01-02,2026-09-07,0,0,0.5230406807939914,G56航空运输业,0,COMPLETE
sh.601058,601058.SS,赛轮轮胎,1864,2019-01-02,2026-09-07,0,0,1.2388425091201716,C29橡胶和塑料制品业,0,COMPLETE
sh.601059,601059.SS,信达证券,876,2023-02-01,2026-09-07,20,0,7.022069158878505,J67资本市场服务,0,COMPLETE
sh.601066,601066.SS,中信建投,1864,2019-01-02,2026-09-07,0,0,2.480801700107296,J67资本市场服务,0,COMPLETE
sh.601077,601077.SS,渝农商行,1666,2019-10-29,2026-09-07,0,0,1.2123683673469388,J66货币金融服务,0,COMPLETE
sh.601088,601088.SS,中国神华,1864,2019-01-02,2026-09-07,10,0,0.18878212297734626,B06煤炭开采和洗选业,0,COMPLETE
sh.601100,601100.SS,恒立液压,1864,2019-01-02,2026-09-07,0,0,0.5797178369098712,C34通用设备制造业,0,COMPLETE
sh.601111,601111.SS,中国国航,1864,2019-01-02,2026-09-07,1,0,0.5709067595276436,G56航空运输业,0,COMPLETE
sh.601117,601117.SS,中国化学,1864,2019-01-02,2026-09-07,0,0,1.0609524887339055,E48土木工程建筑业,0,COMPLETE
sh.601127,601127.SS,赛力斯,1864,2019-01-02,2026-09-07,1,0,2.24908542243693,C36汽车制造业,0,COMPLETE
sh.601136,601136.SS,首创证券,899,2022-12-22,2026-09-07,0,0,9.327700667408232,J67资本市场服务,0,COMPLETE
sh.601138,601138.SS,工业富联,1864,2019-01-02,2026-09-07,0,0,1.414227328862661,C39计算机、通信和其他电子设备制造业,0,COMPLETE
sh.601166,601166.SS,兴业银行,1864,2019-01-02,2026-09-07,0,0,0.4044755021459227,J66货币金融服务,0,COMPLETE
sh.601169,601169.SS,北京银行,1864,2019-01-02,2026-09-07,0,0,0.38240324624463523,J66货币金融服务,0,COMPLETE
sh.601186,601186.SS,中国铁建,1864,2019-01-02,2026-09-07,0,0,0.5854487677038627,E48土木工程建筑业,0,COMPLETE
sh.601211,601211.SS,国泰海通,1864,2019-01-02,2026-09-07,19,0,0.5510991235772358,J67资本市场服务,0,COMPLETE
sh.601225,601225.SS,陕西煤业,1864,2019-01-02,2026-09-07,0,0,0.4676283658798283,B06煤炭开采和洗选业,0,COMPLETE
sh.601229,601229.SS,上海银行,1864,2019-01-02,2026-09-07,0,0,0.28995879989270384,J66货币金融服务,0,COMPLETE
sh.601238,601238.SS,广汽集团,1864,2019-01-02,2026-09-07,0,0,0.44670981223175965,C36汽车制造业,0,COMPLETE
sh.601288,601288.SS,农业银行,1864,2019-01-02,2026-09-07,0,0,0.1015087580472103,J66货币金融服务,0,COMPLETE
sh.601318,601318.SS,中国平安,1864,2019-01-02,2026-09-07,0,0,0.6076748009656653,J68保险业,0,COMPLETE
sh.601319,601319.SS,中国人保,1864,2019-01-02,2026-09-07,0,0,1.2713277162017167,J68保险业,0,COMPLETE
sh.601328,601328.SS,交通银行,1864,2019-01-02,2026-09-07,0,0,0.32956395600858374,J66货币金融服务,0,COMPLETE
sh.601336,601336.SS,新华保险,1864,2019-01-02,2026-09-07,0,0,0.7692957709227468,J68保险业,0,COMPLETE
sh.601360,601360.SS,三六零,1864,2019-01-02,2026-09-07,0,0,1.9605944071888413,I64互联网和相关服务,0,COMPLETE
sh.601377,601377.SS,兴业证券,1864,2019-01-02,2026-09-07,6,0,1.2198031453175457,J67资本市场服务,0,COMPLETE
sh.601390,601390.SS,中国中铁,1864,2019-01-02,2026-09-07,0,0,0.5357473996781116,E48土木工程建筑业,0,COMPLETE
sh.601398,601398.SS,工商银行,1864,2019-01-02,2026-09-07,0,0,0.09663784549356223,J66货币金融服务,0,COMPLETE
sh.601456,601456.SS,国联民生,1481,2020-07-31,2026-09-07,20,0,4.581467214236825,J67资本市场服务,0,COMPLETE
sh.601600,601600.SS,中国铝业,1864,2019-01-02,2026-09-07,0,0,1.349302491416309,C32有色金属冶炼和压延加工业,0,COMPLETE
sh.601601,601601.SS,中国太保,1864,2019-01-02,2026-09-07,0,0,0.4939120971030043,J68保险业,0,COMPLETE
sh.601607,601607.SS,上海医药,1864,2019-01-02,2026-09-07,0,0,0.8048809238197424,F52零售业,0,COMPLETE
sh.601618,601618.SS,中国中冶,1864,2019-01-02,2026-09-07,0,0,0.6847346394849786,E48土木工程建筑业,0,COMPLETE
sh.601628,601628.SS,中国人寿,1864,2019-01-02,2026-09-07,0,0,0.08359165879828326,J68保险业,0,COMPLETE
sh.601633,601633.SS,长城汽车,1864,2019-01-02,2026-09-07,0,0,0.402969722639485,C36汽车制造业,0,COMPLETE
sh.601658,601658.SS,邮储银行,1636,2019-12-10,2026-09-07,0,0,0.9671617359413203,J66货币金融服务,0,COMPLETE
sh.601668,601668.SS,中国建筑,1864,2019-01-02,2026-09-07,0,0,0.5176096260729613,E48土木工程建筑业,0,COMPLETE
sh.601669,601669.SS,中国电建,1864,2019-01-02,2026-09-07,0,0,1.1710904951716739,E48土木工程建筑业,0,COMPLETE
sh.601688,601688.SS,华泰证券,1864,2019-01-02,2026-09-07,0,0,1.0382105515021458,J67资本市场服务,0,COMPLETE
sh.601689,601689.SS,拓普集团,1864,2019-01-02,2026-09-07,0,0,1.4121165144849785,C36汽车制造业,0,COMPLETE
sh.601698,601698.SS,中国卫通,1747,2019-06-28,2026-09-07,0,0,3.4541124796794502,I63电信、广播电视和卫星传输服务,0,COMPLETE
sh.601727,601727.SS,上海电气,1864,2019-01-02,2026-09-07,0,0,0.7714726105150215,C34通用设备制造业,0,COMPLETE
sh.601728,601728.SS,中国电信,1223,2021-08-20,2026-09-07,0,0,1.0739712183156174,I63电信、广播电视和卫星传输服务,0,COMPLETE
sh.601766,601766.SS,中国中车,1864,2019-01-02,2026-09-07,0,0,0.36824588358369104,C37铁路、船舶、航空航天和其他运输设备制造业,0,COMPLETE
sh.601788,601788.SS,光大证券,1864,2019-01-02,2026-09-07,0,0,1.2608206410944207,J67资本市场服务,0,COMPLETE
sh.601800,601800.SS,中国交建,1864,2019-01-02,2026-09-07,0,0,0.44823942167381975,E48土木工程建筑业,0,COMPLETE
sh.601816,601816.SS,京沪高铁,1610,2020-01-16,2026-09-07,0,0,0.8222527950310559,G53铁路运输业,0,COMPLETE
sh.601818,601818.SS,光大银行,1864,2019-01-02,2026-09-07,0,0,0.3281228106223176,J66货币金融服务,0,COMPLETE
sh.601825,601825.SS,沪农商行,1224,2021-08-19,2026-09-07,0,0,0.7815638071895424,J66货币金融服务,0,COMPLETE
sh.601838,601838.SS,成都银行,1864,2019-01-02,2026-09-07,0,0,0.893212955472103,J66货币金融服务,0,COMPLETE
sh.601857,601857.SS,中国石油,1864,2019-01-02,2026-09-07,0,0,0.09162364592274677,B07石油和天然气开采业,0,COMPLETE
sh.601868,601868.SS,中国能建,1198,2021-09-28,2026-09-07,0,0,1.9114983305509181,E48土木工程建筑业,0,COMPLETE
sh.601872,601872.SS,招商轮船,1864,2019-01-02,2026-09-07,0,0,0.9692534731759657,G55水上运输业,0,COMPLETE
sh.601877,601877.SS,正泰电器,1864,2019-01-02,2026-09-07,0,0,0.8072137483905579,C38电气机械和器材制造业,0,COMPLETE
sh.601878,601878.SS,浙商证券,1864,2019-01-02,2026-09-07,0,0,1.8569974425965665,J67资本市场服务,0,COMPLETE
sh.601881,601881.SS,中国银河,1864,2019-01-02,2026-09-07,0,0,1.2981835461373392,J67资本市场服务,0,COMPLETE
sh.601888,601888.SS,中国中免,1864,2019-01-02,2026-09-07,0,0,0.9273749168454936,L72商务服务业,0,COMPLETE
sh.601898,601898.SS,中煤能源,1864,2019-01-02,2026-09-07,0,0,0.364032893776824,B06煤炭开采和洗选业,0,COMPLETE
sh.601899,601899.SS,紫金矿业,1864,2019-01-02,2026-09-07,4,0,1.1426351903225807,B09有色金属矿采选业,0,COMPLETE
sh.601901,601901.SS,方正证券,1864,2019-01-02,2026-09-07,0,0,0.7782942634120171,J67资本市场服务,0,COMPLETE
sh.601916,601916.SS,浙商银行,1646,2019-11-26,2026-09-07,6,0,1.0054493292682927,J66货币金融服务,0,COMPLETE
sh.601919,601919.SS,中远海控,1864,2019-01-02,2026-09-07,0,0,0.9473805332618026,G55水上运输业,0,COMPLETE
sh.601939,601939.SS,建设银行,1864,2019-01-02,2026-09-07,0,0,1.016546801502146,J66货币金融服务,0,COMPLETE
sh.601985,601985.SS,中国核电,1864,2019-01-02,2026-09-07,0,0,0.5071661614806867,D44电力、热力生产和供应业,0,COMPLETE
sh.601988,601988.SS,中国银行,1864,2019-01-02,2026-09-07,0,0,0.08490304399141631,J66货币金融服务,0,COMPLETE
sh.601995,601995.SS,中金公司,1421,2020-11-02,2026-09-07,20,0,2.799887794432548,J67资本市场服务,0,COMPLETE
sh.601998,601998.SS,中信银行,1864,2019-01-02,2026-09-07,0,0,0.11908063626609443,J66货币金融服务,0,COMPLETE
sh.603019,603019.SS,中科曙光,1864,2019-01-02,2026-09-07,13,0,3.2456289032955157,C39计算机、通信和其他电子设备制造业,0,COMPLETE
sh.603259,603259.SS,药明康德,1864,2019-01-02,2026-09-07,0,0,1.5330891630901287,M73研究和试验发展,0,COMPLETE
sh.603260,603260.SS,合盛硅业,1864,2019-01-02,2026-09-07,0,0,0.7832460799356223,C26化学原料和化学制品制造业,0,COMPLETE
sh.603288,603288.SS,海天味业,1864,2019-01-02,2026-09-07,0,0,0.1901597784334764,C14食品制造业,0,COMPLETE
sh.603296,603296.SS,华勤技术,748,2023-08-08,2026-09-07,0,0,3.3807008021390375,C39计算机、通信和其他电子设备制造业,0,COMPLETE
sh.603369,603369.SS,今世缘,1864,2019-01-02,2026-09-07,0,0,0.7620881604077254,C15酒、饮料和精制茶制造业,0,COMPLETE
sh.603392,603392.SS,万泰生物,1543,2020-04-29,2026-09-07,0,0,1.4544395981853533,C27医药制造业,0,COMPLETE
sh.603501,603501.SS,豪威集团,1864,2019-01-02,2026-09-07,1,0,1.8122040295222759,C39计算机、通信和其他电子设备制造业,0,COMPLETE
sh.603799,603799.SS,华友钴业,1864,2019-01-02,2026-09-07,10,0,2.7372584115426104,C32有色金属冶炼和压延加工业,0,COMPLETE
sh.603893,603893.SS,瑞芯微,1600,2020-02-07,2026-09-07,0,0,3.0590413124999998,C39计算机、通信和其他电子设备制造业,0,COMPLETE
sh.603986,603986.SS,兆易创新,1864,2019-01-02,2026-09-07,1,0,3.1755782265163712,C39计算机、通信和其他电子设备制造业,0,COMPLETE
sh.603993,603993.SS,洛阳钼业,1864,2019-01-02,2026-09-07,0,0,1.1525246899141632,B09有色金属矿采选业,0,COMPLETE
sh.605117,605117.SS,德业股份,1307,2021-04-20,2026-09-07,0,0,3.6287477429227235,C38电气机械和器材制造业,0,COMPLETE
sh.605499,605499.SS,东鹏饮料,1283,2021-05-27,2026-09-07,0,0,1.3671898674980514,C15酒、饮料和精制茶制造业,0,COMPLETE
sh.688008,688008.SS,澜起科技,1731,2019-07-22,2026-09-07,0,0,3.0334864517619873,C39计算机、通信和其他电子设备制造业,0,COMPLETE
sh.688009,688009.SS,中国通号,1731,2019-07-22,2026-09-07,0,0,1.3138218578856153,C37铁路、船舶、航空航天和其他运输设备制造业,0,COMPLETE
sh.688012,688012.SS,中微公司,1731,2019-07-22,2026-09-07,9,0,3.0808742979094075,C35专用设备制造业,0,COMPLETE
sh.688036,688036.SS,传音控股,1682,2019-09-30,2026-09-07,0,0,1.662425683709869,C39计算机、通信和其他电子设备制造业,0,COMPLETE
sh.688041,688041.SS,海光信息,987,2022-08-12,2026-09-07,10,0,3.778779324462641,C39计算机、通信和其他电子设备制造业,0,COMPLETE
sh.688047,688047.SS,龙芯中科,1022,2022-06-24,2026-09-07,0,0,3.351209099804305,C39计算机、通信和其他电子设备制造业,0,COMPLETE
sh.688072,688072.SS,拓荆科技,1065,2022-04-20,2026-09-07,10,0,3.2220041706161138,C35专用设备制造业,0,COMPLETE
sh.688082,688082.SS,盛美上海,1166,2021-11-18,2026-09-07,0,0,2.4812539451114923,C35专用设备制造业,0,COMPLETE
sh.688111,688111.SS,金山办公,1652,2019-11-18,2026-09-07,0,0,1.4791647699757868,I65软件和信息技术服务业,0,COMPLETE
sh.688126,688126.SS,沪硅产业,1550,2020-04-20,2026-09-07,10,0,2.952056103896104,C39计算机、通信和其他电子设备制造业,0,COMPLETE
sh.688183,688183.SS,生益电子,1344,2021-02-25,2026-09-07,0,0,2.4013020089285715,C39计算机、通信和其他电子设备制造业,0,COMPLETE
sh.688223,688223.SS,晶科能源,1118,2022-01-26,2026-09-07,0,0,2.2835549194991054,C38电气机械和器材制造业,0,COMPLETE
sh.688256,688256.SS,寒武纪,1490,2020-07-20,2026-09-07,0,0,2.8077016107382553,I65软件和信息技术服务业,0,COMPLETE
sh.688271,688271.SS,联影医疗,981,2022-08-22,2026-09-07,0,0,1.417229357798165,C35专用设备制造业,0,COMPLETE
sh.688303,688303.SS,大全能源,1244,2021-07-22,2026-09-07,0,0,2.26988963022508,C38电气机械和器材制造业,0,COMPLETE
sh.688396,688396.SS,华润微,1586,2020-02-27,2026-09-07,0,0,2.527670870113493,C39计算机、通信和其他电子设备制造业,0,COMPLETE
sh.688472,688472.SS,阿特斯,788,2023-06-09,2026-09-07,0,0,4.437223604060914,C38电气机械和器材制造业,0,COMPLETE
sh.688506,688506.SS,百利天恒,889,2023-01-06,2026-09-07,0,0,2.1038663667041617,C27医药制造业,0,COMPLETE
sh.688521,688521.SS,芯原股份,1469,2020-08-18,2026-09-07,10,0,2.9695623029472245,I65软件和信息技术服务业,0,COMPLETE
sh.688981,688981.SS,中芯国际,1492,2020-07-16,2026-09-07,6,0,2.43981998654105,C39计算机、通信和其他电子设备制造业,0,COMPLETE
sz.000001,000001.SZ,平安银行,1864,2019-01-02,2026-09-07,0,0,0.5709824270386266,J66货币金融服务,0,COMPLETE
sz.000002,000002.SZ,万科A,1864,2019-01-02,2026-09-07,0,0,1.1554371089055793,K70房地产业,0,COMPLETE
sz.000063,000063.SZ,中兴通讯,1864,2019-01-02,2026-09-07,1,0,2.521174100375738,C39计算机、通信和其他电子设备制造业,0,COMPLETE
sz.000100,000100.SZ,TCL科技,1864,2019-01-02,2026-09-07,1,0,2.225703905528717,C39计算机、通信和其他电子设备制造业,0,COMPLETE
sz.000157,000157.SZ,中联重科,1864,2019-01-02,2026-09-07,0,0,0.9141562178111589,C35专用设备制造业,0,COMPLETE
sz.000166,000166.SZ,申万宏源,1864,2019-01-02,2026-09-07,0,0,0.369563491416309,J67资本市场服务,0,COMPLETE
sz.000301,000301.SZ,东方盛虹,1864,2019-01-02,2026-09-07,11,0,0.9132104117647059,C26化学原料和化学制品制造业,0,COMPLETE
sz.000333,000333.SZ,美的集团,1864,2019-01-02,2026-09-07,11,0,0.4486052385321101,C38电气机械和器材制造业,0,COMPLETE
sz.000338,000338.SZ,潍柴动力,1864,2019-01-02,2026-09-07,0,0,1.508181402360515,C36汽车制造业,0,COMPLETE
sz.000408,000408.SZ,藏格矿业,1864,2019-01-02,2026-09-07,7,247,1.7521298885298868,C26化学原料和化学制品制造业,0,COMPLETE
sz.000425,000425.SZ,徐工机械,1864,2019-01-02,2026-09-07,23,0,1.1946732129277566,C35专用设备制造业,0,COMPLETE
sz.000538,000538.SZ,云南白药,1864,2019-01-02,2026-09-07,10,0,0.7361858155339805,C27医药制造业,0,COMPLETE
sz.000568,000568.SZ,泸州老窖,1864,2019-01-02,2026-09-07,0,0,0.7727743685622317,C15酒、饮料和精制茶制造业,0,COMPLETE
sz.000596,000596.SZ,古井贡酒,1864,2019-01-02,2026-09-07,0,0,0.6696357682403434,C15酒、饮料和精制茶制造业,0,COMPLETE
sz.000617,000617.SZ,中油资本,1864,2019-01-02,2026-09-07,0,0,0.8065116496781115,J66货币金融服务,0,COMPLETE
sz.000625,000625.SZ,长安汽车,1864,2019-01-02,2026-09-07,0,0,1.9397224404506437,C36汽车制造业,0,COMPLETE
sz.000630,000630.SZ,铜陵有色,1864,2019-01-02,2026-09-07,10,0,1.8969258284789643,C32有色金属冶炼和压延加工业,0,COMPLETE
sz.000651,000651.SZ,格力电器,1864,2019-01-02,2026-09-07,6,0,0.7803836689989235,C38电气机械和器材制造业,0,COMPLETE
sz.000657,000657.SZ,中钨高新,1864,2019-01-02,2026-09-07,10,0,2.589498820927724,C33金属制品业,0,COMPLETE
sz.000708,000708.SZ,中信特钢,1864,2019-01-02,2026-09-07,2,0,0.5281101745435016,C31黑色金属冶炼和压延加工业,0,COMPLETE
sz.000725,000725.SZ,京东方A,1864,2019-01-02,2026-09-07,0,0,1.8933012049356222,C39计算机、通信和其他电子设备制造业,0,COMPLETE
sz.000768,000768.SZ,中航西飞,1864,2019-01-02,2026-09-07,0,0,1.0094166652360514,C37铁路、船舶、航空航天和其他运输设备制造业,0,COMPLETE
sz.000776,000776.SZ,广发证券,1864,2019-01-02,2026-09-07,0,0,0.9843689104077252,J67资本市场服务,0,COMPLETE
sz.000792,000792.SZ,盐湖股份,1864,2019-01-02,2026-09-07,314,555,1.102482187096774,C26化学原料和化学制品制造业,0,COMPLETE
sz.000807,000807.SZ,云铝股份,1864,2019-01-02,2026-09-07,0,0,2.3297822950643776,C32有色金属冶炼和压延加工业,0,COMPLETE
sz.000858,000858.SZ,五粮液,1864,2019-01-02,2026-09-07,0,0,0.6059421185622317,C15酒、饮料和精制茶制造业,0,COMPLETE
sz.000895,000895.SZ,双汇发展,1864,2019-01-02,2026-09-07,15,0,0.7615122990805842,C13农副食品加工业,0,COMPLETE
sz.000938,000938.SZ,紫光股份,1864,2019-01-02,2026-09-07,0,0,2.149073095493562,C39计算机、通信和其他电子设备制造业,0,COMPLETE
sz.000963,000963.SZ,华东医药,1864,2019-01-02,2026-09-07,0,0,1.0832513927038627,F52零售业,0,COMPLETE
sz.000975,000975.SZ,山金国际,1864,2019-01-02,2026-09-07,15,0,1.7487754348296376,B09有色金属矿采选业,0,COMPLETE
sz.000977,000977.SZ,浪潮信息,1864,2019-01-02,2026-09-07,6,0,4.241523308396125,C39计算机、通信和其他电子设备制造业,0,COMPLETE
sz.000988,000988.SZ,华工科技,1864,2019-01-02,2026-09-07,0,0,3.7079531174892706,C39计算机、通信和其他电子设备制造业,0,COMPLETE
sz.000999,000999.SZ,华润三九,1864,2019-01-02,2026-09-07,0,0,0.7635446566523605,C27医药制造业,0,COMPLETE
sz.001280,001280.SZ,中国铀业,186,2025-12-03,2026-09-07,0,0,11.516698924731182,B09有色金属矿采选业,0,SHORT_HISTORY
sz.001391,001391.SZ,国货航,410,2024-12-30,2026-09-07,0,0,5.002575609756097,G56航空运输业,0,COMPLETE
sz.001965,001965.SZ,招商公路,1864,2019-01-02,2026-09-07,0,0,0.41963948283261804,G54道路运输业,0,COMPLETE
sz.001979,001979.SZ,招商蛇口,1864,2019-01-02,2026-09-07,16,0,0.601679215909091,K70房地产业,0,COMPLETE
sz.002001,002001.SZ,新和成,1864,2019-01-02,2026-09-07,0,0,0.9246156512875537,C27医药制造业,0,COMPLETE
sz.002027,002027.SZ,分众传媒,1864,2019-01-02,2026-09-07,0,0,0.9184720590128754,L72商务服务业,0,COMPLETE
sz.002028,002028.SZ,思源电气,1864,2019-01-02,2026-09-07,0,0,2.003025034334764,C38电气机械和器材制造业,0,COMPLETE
sz.002049,002049.SZ,紫光国微,1864,2019-01-02,2026-09-07,21,0,2.63960091101465,C39计算机、通信和其他电子设备制造业,0,COMPLETE
sz.002050,002050.SZ,三花智控,1864,2019-01-02,2026-09-07,0,0,1.558729998390558,C34通用设备制造业,0,COMPLETE
sz.002074,002074.SZ,国轩高科,1864,2019-01-02,2026-09-07,7,0,2.7059581087775983,C38电气机械和器材制造业,0,COMPLETE
sz.002142,002142.SZ,宁波银行,1864,2019-01-02,2026-09-07,6,0,0.4871486431646932,J66货币金融服务,0,COMPLETE
sz.002179,002179.SZ,中航光电,1864,2019-01-02,2026-09-07,0,0,0.8695053202789699,C39计算机、通信和其他电子设备制造业,0,COMPLETE
sz.002202,002202.SZ,金风科技,1864,2019-01-02,2026-09-07,6,0,2.03544108934338,C34通用设备制造业,0,COMPLETE
sz.002230,002230.SZ,科大讯飞,1864,2019-01-02,2026-09-07,0,0,2.128207241416309,I65软件和信息技术服务业,0,COMPLETE
sz.002236,002236.SZ,大华股份,1864,2019-01-02,2026-09-07,2,0,2.4089250531686357,C39计算机、通信和其他电子设备制造业,0,COMPLETE
sz.002241,002241.SZ,歌尔股份,1864,2019-01-02,2026-09-07,0,0,2.9117562462446354,C39计算机、通信和其他电子设备制造业,0,COMPLETE
sz.002304,002304.SZ,洋河股份,1864,2019-01-02,2026-09-07,0,0,0.5095086094420601,C15酒、饮料和精制茶制造业,0,COMPLETE
sz.002311,002311.SZ,海大集团,1864,2019-01-02,2026-09-07,0,0,0.44470092489270385,C13农副食品加工业,0,COMPLETE
sz.002352,002352.SZ,顺丰控股,1864,2019-01-02,2026-09-07,3,0,0.45226942342826437,G60邮政业,0,COMPLETE
sz.002353,002353.SZ,杰瑞股份,1864,2019-01-02,2026-09-07,0,0,1.7446388277896996,C35专用设备制造业,0,COMPLETE
sz.002371,002371.SZ,北方华创,1864,2019-01-02,2026-09-07,0,0,1.661422342274678,C35专用设备制造业,0,COMPLETE
sz.002384,002384.SZ,东山精密,1864,2019-01-02,2026-09-07,0,0,3.6508541255364806,C39计算机、通信和其他电子设备制造业,0,COMPLETE
sz.002415,002415.SZ,海康威视,1864,2019-01-02,2026-09-07,2,0,0.5447776723952739,C39计算机、通信和其他电子设备制造业,0,COMPLETE
sz.002422,002422.SZ,科伦药业,1864,2019-01-02,2026-09-07,0,0,1.3510717988197425,C27医药制造业,0,COMPLETE
sz.002460,002460.SZ,赣锋锂业,1864,2019-01-02,2026-09-07,0,0,3.484521293454936,C32有色金属冶炼和压延加工业,0,COMPLETE
sz.002463,002463.SZ,沪电股份,1864,2019-01-02,2026-09-07,0,0,2.953872212446352,C39计算机、通信和其他电子设备制造业,0,COMPLETE
sz.002466,002466.SZ,天齐锂业,1864,2019-01-02,2026-09-07,6,0,3.4608472298170074,C32有色金属冶炼和压延加工业,0,COMPLETE
sz.002475,002475.SZ,立讯精密,1864,2019-01-02,2026-09-07,0,0,1.258376657725322,C39计算机、通信和其他电子设备制造业,0,COMPLETE
sz.002493,002493.SZ,荣盛石化,1864,2019-01-02,2026-09-07,0,0,0.37248922103004295,C26化学原料和化学制品制造业,0,COMPLETE
sz.002532,002532.SZ,天山铝业,1864,2019-01-02,2026-09-07,11,0,2.7264193211009173,C32有色金属冶炼和压延加工业,0,COMPLETE
sz.002558,002558.SZ,巨人网络,1864,2019-01-02,2026-09-07,0,0,1.6709658079399141,I64互联网和相关服务,0,COMPLETE
sz.002594,002594.SZ,比亚迪,1864,2019-01-02,2026-09-07,0,0,1.5859957628755363,C36汽车制造业,0,COMPLETE
sz.002600,002600.SZ,领益智造,1864,2019-01-02,2026-09-07,0,0,3.668020642703863,C39计算机、通信和其他电子设备制造业,0,COMPLETE
sz.002602,002602.SZ,世纪华通,1864,2019-01-02,2026-09-07,3,245,1.7058378285867812,I64互联网和相关服务,0,COMPLETE
sz.002625,002625.SZ,光启技术,1864,2019-01-02,2026-09-07,0,0,1.9312544458154506,C37铁路、船舶、航空航天和其他运输设备制造业,0,COMPLETE
sz.002648,002648.SZ,卫星化学,1864,2019-01-02,2026-09-07,0,0,1.1521106630901288,C26化学原料和化学制品制造业,0,COMPLETE
sz.002709,002709.SZ,天赐材料,1864,2019-01-02,2026-09-07,0,0,2.8546167290772533,C39计算机、通信和其他电子设备制造业,0,COMPLETE
sz.002714,002714.SZ,牧原股份,1864,2019-01-02,2026-09-07,0,0,1.075583092274678,A03畜牧业,0,COMPLETE
sz.002736,002736.SZ,国信证券,1864,2019-01-02,2026-09-07,10,0,0.282393975188781,J67资本市场服务,0,COMPLETE
sz.002837,002837.SZ,英维克,1864,2019-01-02,2026-09-07,0,0,3.870606123390558,C35专用设备制造业,0,COMPLETE
sz.002916,002916.SZ,深南电路,1864,2019-01-02,2026-09-07,0,0,2.0760872001072963,C39计算机、通信和其他电子设备制造业,0,COMPLETE
sz.002920,002920.SZ,德赛西威,1864,2019-01-02,2026-09-07,0,0,1.6604569785407726,C39计算机、通信和其他电子设备制造业,0,COMPLETE
sz.002938,002938.SZ,鹏鼎控股,1864,2019-01-02,2026-09-07,0,0,1.8455412285407726,C39计算机、通信和其他电子设备制造业,0,COMPLETE
sz.003816,003816.SZ,中国广核,1706,2019-08-26,2026-09-07,0,0,0.9657718640093786,D44电力、热力生产和供应业,0,COMPLETE
sz.300014,300014.SZ,亿纬锂能,1864,2019-01-02,2026-09-07,0,0,2.0315937387339056,C38电气机械和器材制造业,0,COMPLETE
sz.300015,300015.SZ,爱尔眼科,1864,2019-01-02,2026-09-07,6,0,0.8539300435952637,Q84卫生,0,COMPLETE
sz.300033,300033.SZ,同花顺,1864,2019-01-02,2026-09-07,0,0,3.4999370150214593,J69其他金融业,0,COMPLETE
sz.300059,300059.SZ,东方财富,1864,2019-01-02,2026-09-07,0,0,3.031521474785408,J67资本市场服务,0,COMPLETE
sz.300122,300122.SZ,智飞生物,1864,2019-01-02,2026-09-07,0,0,1.5677445767167382,C27医药制造业,0,COMPLETE
sz.300124,300124.SZ,汇川技术,1864,2019-01-02,2026-09-07,11,0,0.8985191565029682,C38电气机械和器材制造业,0,COMPLETE
sz.300251,300251.SZ,光线传媒,1864,2019-01-02,2026-09-07,0,0,1.5980569613733904,R87广播、电视、电影和录音制作业,0,COMPLETE
sz.300274,300274.SZ,阳光电源,1864,2019-01-02,2026-09-07,0,0,2.990966214592275,C38电气机械和器材制造业,0,COMPLETE
sz.300308,300308.SZ,中际旭创,1864,2019-01-02,2026-09-07,0,0,2.551806540772532,C39计算机、通信和其他电子设备制造业,0,COMPLETE
sz.300316,300316.SZ,晶盛机电,1864,2019-01-02,2026-09-07,0,0,1.5801535863733907,C35专用设备制造业,0,COMPLETE
sz.300394,300394.SZ,天孚通信,1864,2019-01-02,2026-09-07,0,0,3.3034242553648068,C39计算机、通信和其他电子设备制造业,0,COMPLETE
sz.300408,300408.SZ,三环集团,1864,2019-01-02,2026-09-07,0,0,0.9709822172746781,C39计算机、通信和其他电子设备制造业,0,COMPLETE
sz.300413,300413.SZ,芒果超媒,1864,2019-01-02,2026-09-07,0,0,1.6301162183476394,I64互联网和相关服务,0,COMPLETE
sz.300418,300418.SZ,昆仑万维,1864,2019-01-02,2026-09-07,0,0,4.491916002145922,I64互联网和相关服务,0,COMPLETE
sz.300433,300433.SZ,蓝思科技,1864,2019-01-02,2026-09-07,0,0,1.2611219855150215,C39计算机、通信和其他电子设备制造业,0,COMPLETE
sz.300442,300442.SZ,润泽科技,1864,2019-01-02,2026-09-07,16,0,2.674618288961039,I65软件和信息技术服务业,0,COMPLETE
sz.300450,300450.SZ,先导智能,1864,2019-01-02,2026-09-07,0,0,2.0593877532188842,C35专用设备制造业,0,COMPLETE
sz.300476,300476.SZ,胜宏科技,1864,2019-01-02,2026-09-07,0,0,3.15606571888412,C39计算机、通信和其他电子设备制造业,0,COMPLETE
sz.300498,300498.SZ,温氏股份,1864,2019-01-02,2026-09-07,0,0,0.7592968991416309,A03畜牧业,0,COMPLETE
sz.300502,300502.SZ,新易盛,1864,2019-01-02,2026-09-07,0,0,4.9956159404506435,C39计算机、通信和其他电子设备制造业,0,COMPLETE
sz.300628,300628.SZ,亿联网络,1864,2019-01-02,2026-09-07,0,0,1.1646747473175965,C39计算机、通信和其他电子设备制造业,0,COMPLETE
sz.300661,300661.SZ,圣邦股份,1864,2019-01-02,2026-09-07,10,0,1.7812988036677455,C39计算机、通信和其他电子设备制造业,0,COMPLETE
sz.300750,300750.SZ,宁德时代,1864,2019-01-02,2026-09-07,0,0,1.0127132660944205,C38电气机械和器材制造业,0,COMPLETE
sz.300760,300760.SZ,迈瑞医疗,1864,2019-01-02,2026-09-07,0,0,0.8104314216738198,C35专用设备制造业,0,COMPLETE
sz.300803,300803.SZ,指南针,1652,2019-11-18,2026-09-07,0,0,5.448621791767555,J69其他金融业,0,COMPLETE
sz.300832,300832.SZ,新产业,1537,2020-05-12,2026-09-07,0,0,1.604097918022121,C27医药制造业,0,COMPLETE
sz.300866,300866.SZ,安克创新,1465,2020-08-24,2026-09-07,0,0,2.1693739931740614,C39计算机、通信和其他电子设备制造业,0,COMPLETE
sz.300896,300896.SZ,爱美客,1440,2020-09-28,2026-09-07,0,0,2.6502956944444445,C35专用设备制造业,0,COMPLETE
sz.300999,300999.SZ,金龙鱼,1433,2020-10-15,2026-09-07,0,0,3.121848918353105,C13农副食品加工业,0,COMPLETE
sz.301165,301165.SZ,锐捷网络,922,2022-11-21,2026-09-07,0,0,7.825604338394793,C39计算机、通信和其他电子设备制造业,0,COMPLETE
sz.301236,301236.SZ,软通动力,1089,2022-03-15,2026-09-07,0,0,6.007034802571166,I65软件和信息技术服务业,0,COMPLETE
sz.301269,301269.SZ,华大九天,997,2022-07-29,2026-09-07,10,0,3.4224879432624116,I65软件和信息技术服务业,0,COMPLETE
sz.301308,301308.SZ,江波龙,992,2022-08-05,2026-09-07,0,0,8.547702217741936,C39计算机、通信和其他电子设备制造业,0,COMPLETE
sz.302132,302132.SZ,中航成飞,1864,2019-01-02,2026-09-07,10,0,2.1688461704422872,C39计算机、通信和其他电子设备制造业,0,COMPLETE
