snapshot_date,index_code,index_name,baostock_code,symbol,stock_name,exchange,industry,industry_classification,is_active
2026-09-07,000300,CSI 300,sh.600000,600000.SS,浦发银行,SH,J66货币金融服务,证监会行业分类,1
2026-09-07,000300,CSI 300,sh.600009,600009.SS,上海机场,SH,G56航空运输业,证监会行业分类,1
2026-09-07,000300,CSI 300,sh.600010,600010.SS,包钢股份,SH,C31黑色金属冶炼和压延加工业,证监会行业分类,1
2026-09-07,000300,CSI 300,sh.600011,600011.SS,华能国际,SH,D44电力、热力生产和供应业,证监会行业分类,1
2026-09-07,000300,CSI 300,sh.600015,600015.SS,华夏银行,SH,J66货币金融服务,证监会行业分类,1
2026-09-07,000300,CSI 300,sh.600016,600016.SS,民生银行,SH,J66货币金融服务,证监会行业分类,1
2026-09-07,000300,CSI 300,sh.600018,600018.SS,上港集团,SH,G55水上运输业,证监会行业分类,1
2026-09-07,000300,CSI 300,sh.600019,600019.SS,宝钢股份,SH,C31黑色金属冶炼和压延加工业,证监会行业分类,1
2026-09-07,000300,CSI 300,sh.600023,600023.SS,浙能电力,SH,D44电力、热力生产和供应业,证监会行业分类,1
2026-09-07,000300,CSI 300,sh.600025,600025.SS,华能水电,SH,D44电力、热力生产和供应业,证监会行业分类,1
2026-09-07,000300,CSI 300,sh.600026,600026.SS,中远海能,SH,G55水上运输业,证监会行业分类,1
2026-09-07,000300,CSI 300,sh.600027,600027.SS,华电国际,SH,D44电力、热力生产和供应业,证监会行业分类,1
2026-09-07,000300,CSI 300,sh.600028,600028.SS,中国石化,SH,B07石油和天然气开采业,证监会行业分类,1
2026-09-07,000300,CSI 300,sh.600029,600029.SS,南方航空,SH,G56航空运输业,证监会行业分类,1
2026-09-07,000300,CSI 300,sh.600030,600030.SS,中信证券,SH,J67资本市场服务,证监会行业分类,1
2026-09-07,000300,CSI 300,sh.600031,600031.SS,三一重工,SH,C35专用设备制造业,证监会行业分类,1
2026-09-07,000300,CSI 300,sh.600036,600036.SS,招商银行,SH,J66货币金融服务,证监会行业分类,1
2026-09-07,000300,CSI 300,sh.600039,600039.SS,四川路桥,SH,E48土木工程建筑业,证监会行业分类,1
2026-09-07,000300,CSI 300,sh.600048,600048.SS,保利发展,SH,K70房地产业,证监会行业分类,1
2026-09-07,000300,CSI 300,sh.600050,600050.SS,中国联通,SH,I63电信、广播电视和卫星传输服务,证监会行业分类,1
2026-09-07,000300,CSI 300,sh.600061,600061.SS,国投资本,SH,J67资本市场服务,证监会行业分类,1
2026-09-07,000300,CSI 300,sh.600066,600066.SS,宇通客车,SH,C36汽车制造业,证监会行业分类,1
2026-09-07,000300,CSI 300,sh.600085,600085.SS,同仁堂,SH,C27医药制造业,证监会行业分类,1
2026-09-07,000300,CSI 300,sh.600089,600089.SS,特变电工,SH,C38电气机械和器材制造业,证监会行业分类,1
2026-09-07,000300,CSI 300,sh.600104,600104.SS,上汽集团,SH,C36汽车制造业,证监会行业分类,1
2026-09-07,000300,CSI 300,sh.600111,600111.SS,北方稀土,SH,C32有色金属冶炼和压延加工业,证监会行业分类,1
2026-09-07,000300,CSI 300,sh.600115,600115.SS,中国东航,SH,G56航空运输业,证监会行业分类,1
2026-09-07,000300,CSI 300,sh.600118,600118.SS,中国卫星,SH,C39计算机、通信和其他电子设备制造业,证监会行业分类,1
2026-09-07,000300,CSI 300,sh.600150,600150.SS,中国船舶,SH,C37铁路、船舶、航空航天和其他运输设备制造业,证监会行业分类,1
2026-09-07,000300,CSI 300,sh.600160,600160.SS,巨化股份,SH,C26化学原料和化学制品制造业,证监会行业分类,1
2026-09-07,000300,CSI 300,sh.600176,600176.SS,中国巨石,SH,C30非金属矿物制品业,证监会行业分类,1
2026-09-07,000300,CSI 300,sh.600183,600183.SS,生益科技,SH,C39计算机、通信和其他电子设备制造业,证监会行业分类,1
2026-09-07,000300,CSI 300,sh.600188,600188.SS,兖矿能源,SH,B06煤炭开采和洗选业,证监会行业分类,1
2026-09-07,000300,CSI 300,sh.600196,600196.SS,复星医药,SH,C27医药制造业,证监会行业分类,1
2026-09-07,000300,CSI 300,sh.600219,600219.SS,南山铝业,SH,C32有色金属冶炼和压延加工业,证监会行业分类,1
2026-09-07,000300,CSI 300,sh.600221,600221.SS,海航控股,SH,G56航空运输业,证监会行业分类,1
2026-09-07,000300,CSI 300,sh.600233,600233.SS,圆通速递,SH,G60邮政业,证监会行业分类,1
2026-09-07,000300,CSI 300,sh.600276,600276.SS,恒瑞医药,SH,C27医药制造业,证监会行业分类,1
2026-09-07,000300,CSI 300,sh.600309,600309.SS,万华化学,SH,C26化学原料和化学制品制造业,证监会行业分类,1
2026-09-07,000300,CSI 300,sh.600346,600346.SS,恒力石化,SH,C26化学原料和化学制品制造业,证监会行业分类,1
2026-09-07,000300,CSI 300,sh.600362,600362.SS,江西铜业,SH,C32有色金属冶炼和压延加工业,证监会行业分类,1
2026-09-07,000300,CSI 300,sh.600372,600372.SS,中航机载,SH,C37铁路、船舶、航空航天和其他运输设备制造业,证监会行业分类,1
2026-09-07,000300,CSI 300,sh.600406,600406.SS,国电南瑞,SH,I65软件和信息技术服务业,证监会行业分类,1
2026-09-07,000300,CSI 300,sh.600415,600415.SS,小商品城,SH,L72商务服务业,证监会行业分类,1
2026-09-07,000300,CSI 300,sh.600426,600426.SS,华鲁恒升,SH,C26化学原料和化学制品制造业,证监会行业分类,1
2026-09-07,000300,CSI 300,sh.600436,600436.SS,片仔癀,SH,C27医药制造业,证监会行业分类,1
2026-09-07,000300,CSI 300,sh.600438,600438.SS,通威股份,SH,C38电气机械和器材制造业,证监会行业分类,1
2026-09-07,000300,CSI 300,sh.600460,600460.SS,士兰微,SH,C39计算机、通信和其他电子设备制造业,证监会行业分类,1
2026-09-07,000300,CSI 300,sh.600482,600482.SS,中国动力,SH,C37铁路、船舶、航空航天和其他运输设备制造业,证监会行业分类,1
2026-09-07,000300,CSI 300,sh.600489,600489.SS,中金黄金,SH,B09有色金属矿采选业,证监会行业分类,1
2026-09-07,000300,CSI 300,sh.600515,600515.SS,海南机场,SH,K70房地产业,证监会行业分类,1
2026-09-07,000300,CSI 300,sh.600519,600519.SS,贵州茅台,SH,C15酒、饮料和精制茶制造业,证监会行业分类,1
2026-09-07,000300,CSI 300,sh.600522,600522.SS,中天科技,SH,C38电气机械和器材制造业,证监会行业分类,1
2026-09-07,000300,CSI 300,sh.600547,600547.SS,山东黄金,SH,B09有色金属矿采选业,证监会行业分类,1
2026-09-07,000300,CSI 300,sh.600549,600549.SS,厦门钨业,SH,C32有色金属冶炼和压延加工业,证监会行业分类,1
2026-09-07,000300,CSI 300,sh.600570,600570.SS,恒生电子,SH,I65软件和信息技术服务业,证监会行业分类,1
2026-09-07,000300,CSI 300,sh.600584,600584.SS,长电科技,SH,C39计算机、通信和其他电子设备制造业,证监会行业分类,1
2026-09-07,000300,CSI 300,sh.600585,600585.SS,海螺水泥,SH,C30非金属矿物制品业,证监会行业分类,1
2026-09-07,000300,CSI 300,sh.600588,600588.SS,用友网络,SH,I65软件和信息技术服务业,证监会行业分类,1
2026-09-07,000300,CSI 300,sh.600600,600600.SS,青岛啤酒,SH,C15酒、饮料和精制茶制造业,证监会行业分类,1
2026-09-07,000300,CSI 300,sh.600660,600660.SS,福耀玻璃,SH,C30非金属矿物制品业,证监会行业分类,1
2026-09-07,000300,CSI 300,sh.600674,600674.SS,川投能源,SH,D44电力、热力生产和供应业,证监会行业分类,1
2026-09-07,000300,CSI 300,sh.600690,600690.SS,海尔智家,SH,C38电气机械和器材制造业,证监会行业分类,1
2026-09-07,000300,CSI 300,sh.600741,600741.SS,华域汽车,SH,C36汽车制造业,证监会行业分类,1
2026-09-07,000300,CSI 300,sh.600760,600760.SS,中航沈飞,SH,C37铁路、船舶、航空航天和其他运输设备制造业,证监会行业分类,1
2026-09-07,000300,CSI 300,sh.600795,600795.SS,国电电力,SH,D44电力、热力生产和供应业,证监会行业分类,1
2026-09-07,000300,CSI 300,sh.600803,600803.SS,新奥股份,SH,D45燃气生产和供应业,证监会行业分类,1
2026-09-07,000300,CSI 300,sh.600809,600809.SS,山西汾酒,SH,C15酒、饮料和精制茶制造业,证监会行业分类,1
2026-09-07,000300,CSI 300,sh.600845,600845.SS,宝信软件,SH,I65软件和信息技术服务业,证监会行业分类,1
2026-09-07,000300,CSI 300,sh.600875,600875.SS,东方电气,SH,C34通用设备制造业,证监会行业分类,1
2026-09-07,000300,CSI 300,sh.600886,600886.SS,国投电力,SH,D44电力、热力生产和供应业,证监会行业分类,1
2026-09-07,000300,CSI 300,sh.600887,600887.SS,伊利股份,SH,C14食品制造业,证监会行业分类,1
2026-09-07,000300,CSI 300,sh.600893,600893.SS,航发动力,SH,C37铁路、船舶、航空航天和其他运输设备制造业,证监会行业分类,1
2026-09-07,000300,CSI 300,sh.600900,600900.SS,长江电力,SH,D44电力、热力生产和供应业,证监会行业分类,1
2026-09-07,000300,CSI 300,sh.600905,600905.SS,三峡能源,SH,D44电力、热力生产和供应业,证监会行业分类,1
2026-09-07,000300,CSI 300,sh.600918,600918.SS,中泰证券,SH,J67资本市场服务,证监会行业分类,1
2026-09-07,000300,CSI 300,sh.600919,600919.SS,江苏银行,SH,J66货币金融服务,证监会行业分类,1
2026-09-07,000300,CSI 300,sh.600926,600926.SS,杭州银行,SH,J66货币金融服务,证监会行业分类,1
2026-09-07,000300,CSI 300,sh.600930,600930.SS,华电新能,SH,D44电力、热力生产和供应业,证监会行业分类,1
2026-09-07,000300,CSI 300,sh.600938,600938.SS,中国海油,SH,B07石油和天然气开采业,证监会行业分类,1
2026-09-07,000300,CSI 300,sh.600941,600941.SS,中国移动,SH,I63电信、广播电视和卫星传输服务,证监会行业分类,1
2026-09-07,000300,CSI 300,sh.600958,600958.SS,东方证券,SH,J67资本市场服务,证监会行业分类,1
2026-09-07,000300,CSI 300,sh.600989,600989.SS,宝丰能源,SH,C26化学原料和化学制品制造业,证监会行业分类,1
2026-09-07,000300,CSI 300,sh.600999,600999.SS,招商证券,SH,J67资本市场服务,证监会行业分类,1
2026-09-07,000300,CSI 300,sh.601006,601006.SS,大秦铁路,SH,G53铁路运输业,证监会行业分类,1
2026-09-07,000300,CSI 300,sh.601009,601009.SS,南京银行,SH,J66货币金融服务,证监会行业分类,1
2026-09-07,000300,CSI 300,sh.601012,601012.SS,隆基绿能,SH,C38电气机械和器材制造业,证监会行业分类,1
2026-09-07,000300,CSI 300,sh.601018,601018.SS,宁波港,SH,G55水上运输业,证监会行业分类,1
2026-09-07,000300,CSI 300,sh.601021,601021.SS,春秋航空,SH,G56航空运输业,证监会行业分类,1
2026-09-07,000300,CSI 300,sh.601058,601058.SS,赛轮轮胎,SH,C29橡胶和塑料制品业,证监会行业分类,1
2026-09-07,000300,CSI 300,sh.601059,601059.SS,信达证券,SH,J67资本市场服务,证监会行业分类,1
2026-09-07,000300,CSI 300,sh.601066,601066.SS,中信建投,SH,J67资本市场服务,证监会行业分类,1
2026-09-07,000300,CSI 300,sh.601077,601077.SS,渝农商行,SH,J66货币金融服务,证监会行业分类,1
2026-09-07,000300,CSI 300,sh.601088,601088.SS,中国神华,SH,B06煤炭开采和洗选业,证监会行业分类,1
2026-09-07,000300,CSI 300,sh.601100,601100.SS,恒立液压,SH,C34通用设备制造业,证监会行业分类,1
2026-09-07,000300,CSI 300,sh.601111,601111.SS,中国国航,SH,G56航空运输业,证监会行业分类,1
2026-09-07,000300,CSI 300,sh.601117,601117.SS,中国化学,SH,E48土木工程建筑业,证监会行业分类,1
2026-09-07,000300,CSI 300,sh.601127,601127.SS,赛力斯,SH,C36汽车制造业,证监会行业分类,1
2026-09-07,000300,CSI 300,sh.601136,601136.SS,首创证券,SH,J67资本市场服务,证监会行业分类,1
2026-09-07,000300,CSI 300,sh.601138,601138.SS,工业富联,SH,C39计算机、通信和其他电子设备制造业,证监会行业分类,1
2026-09-07,000300,CSI 300,sh.601166,601166.SS,兴业银行,SH,J66货币金融服务,证监会行业分类,1
2026-09-07,000300,CSI 300,sh.601169,601169.SS,北京银行,SH,J66货币金融服务,证监会行业分类,1
2026-09-07,000300,CSI 300,sh.601186,601186.SS,中国铁建,SH,E48土木工程建筑业,证监会行业分类,1
2026-09-07,000300,CSI 300,sh.601211,601211.SS,国泰海通,SH,J67资本市场服务,证监会行业分类,1
2026-09-07,000300,CSI 300,sh.601225,601225.SS,陕西煤业,SH,B06煤炭开采和洗选业,证监会行业分类,1
2026-09-07,000300,CSI 300,sh.601229,601229.SS,上海银行,SH,J66货币金融服务,证监会行业分类,1
2026-09-07,000300,CSI 300,sh.601238,601238.SS,广汽集团,SH,C36汽车制造业,证监会行业分类,1
2026-09-07,000300,CSI 300,sh.601288,601288.SS,农业银行,SH,J66货币金融服务,证监会行业分类,1
2026-09-07,000300,CSI 300,sh.601318,601318.SS,中国平安,SH,J68保险业,证监会行业分类,1
2026-09-07,000300,CSI 300,sh.601319,601319.SS,中国人保,SH,J68保险业,证监会行业分类,1
2026-09-07,000300,CSI 300,sh.601328,601328.SS,交通银行,SH,J66货币金融服务,证监会行业分类,1
2026-09-07,000300,CSI 300,sh.601336,601336.SS,新华保险,SH,J68保险业,证监会行业分类,1
2026-09-07,000300,CSI 300,sh.601360,601360.SS,三六零,SH,I64互联网和相关服务,证监会行业分类,1
2026-09-07,000300,CSI 300,sh.601377,601377.SS,兴业证券,SH,J67资本市场服务,证监会行业分类,1
2026-09-07,000300,CSI 300,sh.601390,601390.SS,中国中铁,SH,E48土木工程建筑业,证监会行业分类,1
2026-09-07,000300,CSI 300,sh.601398,601398.SS,工商银行,SH,J66货币金融服务,证监会行业分类,1
2026-09-07,000300,CSI 300,sh.601456,601456.SS,国联民生,SH,J67资本市场服务,证监会行业分类,1
2026-09-07,000300,CSI 300,sh.601600,601600.SS,中国铝业,SH,C32有色金属冶炼和压延加工业,证监会行业分类,1
2026-09-07,000300,CSI 300,sh.601601,601601.SS,中国太保,SH,J68保险业,证监会行业分类,1
2026-09-07,000300,CSI 300,sh.601607,601607.SS,上海医药,SH,F52零售业,证监会行业分类,1
2026-09-07,000300,CSI 300,sh.601618,601618.SS,中国中冶,SH,E48土木工程建筑业,证监会行业分类,1
2026-09-07,000300,CSI 300,sh.601628,601628.SS,中国人寿,SH,J68保险业,证监会行业分类,1
2026-09-07,000300,CSI 300,sh.601633,601633.SS,长城汽车,SH,C36汽车制造业,证监会行业分类,1
2026-09-07,000300,CSI 300,sh.601658,601658.SS,邮储银行,SH,J66货币金融服务,证监会行业分类,1
2026-09-07,000300,CSI 300,sh.601668,601668.SS,中国建筑,SH,E48土木工程建筑业,证监会行业分类,1
2026-09-07,000300,CSI 300,sh.601669,601669.SS,中国电建,SH,E48土木工程建筑业,证监会行业分类,1
2026-09-07,000300,CSI 300,sh.601688,601688.SS,华泰证券,SH,J67资本市场服务,证监会行业分类,1
2026-09-07,000300,CSI 300,sh.601689,601689.SS,拓普集团,SH,C36汽车制造业,证监会行业分类,1
2026-09-07,000300,CSI 300,sh.601698,601698.SS,中国卫通,SH,I63电信、广播电视和卫星传输服务,证监会行业分类,1
2026-09-07,000300,CSI 300,sh.601727,601727.SS,上海电气,SH,C34通用设备制造业,证监会行业分类,1
2026-09-07,000300,CSI 300,sh.601728,601728.SS,中国电信,SH,I63电信、广播电视和卫星传输服务,证监会行业分类,1
2026-09-07,000300,CSI 300,sh.601766,601766.SS,中国中车,SH,C37铁路、船舶、航空航天和其他运输设备制造业,证监会行业分类,1
2026-09-07,000300,CSI 300,sh.601788,601788.SS,光大证券,SH,J67资本市场服务,证监会行业分类,1
2026-09-07,000300,CSI 300,sh.601800,601800.SS,中国交建,SH,E48土木工程建筑业,证监会行业分类,1
2026-09-07,000300,CSI 300,sh.601816,601816.SS,京沪高铁,SH,G53铁路运输业,证监会行业分类,1
2026-09-07,000300,CSI 300,sh.601818,601818.SS,光大银行,SH,J66货币金融服务,证监会行业分类,1
2026-09-07,000300,CSI 300,sh.601825,601825.SS,沪农商行,SH,J66货币金融服务,证监会行业分类,1
2026-09-07,000300,CSI 300,sh.601838,601838.SS,成都银行,SH,J66货币金融服务,证监会行业分类,1
2026-09-07,000300,CSI 300,sh.601857,601857.SS,中国石油,SH,B07石油和天然气开采业,证监会行业分类,1
2026-09-07,000300,CSI 300,sh.601868,601868.SS,中国能建,SH,E48土木工程建筑业,证监会行业分类,1
2026-09-07,000300,CSI 300,sh.601872,601872.SS,招商轮船,SH,G55水上运输业,证监会行业分类,1
2026-09-07,000300,CSI 300,sh.601877,601877.SS,正泰电器,SH,C38电气机械和器材制造业,证监会行业分类,1
2026-09-07,000300,CSI 300,sh.601878,601878.SS,浙商证券,SH,J67资本市场服务,证监会行业分类,1
2026-09-07,000300,CSI 300,sh.601881,601881.SS,中国银河,SH,J67资本市场服务,证监会行业分类,1
2026-09-07,000300,CSI 300,sh.601888,601888.SS,中国中免,SH,L72商务服务业,证监会行业分类,1
2026-09-07,000300,CSI 300,sh.601898,601898.SS,中煤能源,SH,B06煤炭开采和洗选业,证监会行业分类,1
2026-09-07,000300,CSI 300,sh.601899,601899.SS,紫金矿业,SH,B09有色金属矿采选业,证监会行业分类,1
2026-09-07,000300,CSI 300,sh.601901,601901.SS,方正证券,SH,J67资本市场服务,证监会行业分类,1
2026-09-07,000300,CSI 300,sh.601916,601916.SS,浙商银行,SH,J66货币金融服务,证监会行业分类,1
2026-09-07,000300,CSI 300,sh.601919,601919.SS,中远海控,SH,G55水上运输业,证监会行业分类,1
2026-09-07,000300,CSI 300,sh.601939,601939.SS,建设银行,SH,J66货币金融服务,证监会行业分类,1
2026-09-07,000300,CSI 300,sh.601985,601985.SS,中国核电,SH,D44电力、热力生产和供应业,证监会行业分类,1
2026-09-07,000300,CSI 300,sh.601988,601988.SS,中国银行,SH,J66货币金融服务,证监会行业分类,1
2026-09-07,000300,CSI 300,sh.601995,601995.SS,中金公司,SH,J67资本市场服务,证监会行业分类,1
2026-09-07,000300,CSI 300,sh.601998,601998.SS,中信银行,SH,J66货币金融服务,证监会行业分类,1
2026-09-07,000300,CSI 300,sh.603019,603019.SS,中科曙光,SH,C39计算机、通信和其他电子设备制造业,证监会行业分类,1
2026-09-07,000300,CSI 300,sh.603259,603259.SS,药明康德,SH,M73研究和试验发展,证监会行业分类,1
2026-09-07,000300,CSI 300,sh.603260,603260.SS,合盛硅业,SH,C26化学原料和化学制品制造业,证监会行业分类,1
2026-09-07,000300,CSI 300,sh.603288,603288.SS,海天味业,SH,C14食品制造业,证监会行业分类,1
2026-09-07,000300,CSI 300,sh.603296,603296.SS,华勤技术,SH,C39计算机、通信和其他电子设备制造业,证监会行业分类,1
2026-09-07,000300,CSI 300,sh.603369,603369.SS,今世缘,SH,C15酒、饮料和精制茶制造业,证监会行业分类,1
2026-09-07,000300,CSI 300,sh.603392,603392.SS,万泰生物,SH,C27医药制造业,证监会行业分类,1
2026-09-07,000300,CSI 300,sh.603501,603501.SS,豪威集团,SH,C39计算机、通信和其他电子设备制造业,证监会行业分类,1
2026-09-07,000300,CSI 300,sh.603799,603799.SS,华友钴业,SH,C32有色金属冶炼和压延加工业,证监会行业分类,1
2026-09-07,000300,CSI 300,sh.603893,603893.SS,瑞芯微,SH,C39计算机、通信和其他电子设备制造业,证监会行业分类,1
2026-09-07,000300,CSI 300,sh.603986,603986.SS,兆易创新,SH,C39计算机、通信和其他电子设备制造业,证监会行业分类,1
2026-09-07,000300,CSI 300,sh.603993,603993.SS,洛阳钼业,SH,B09有色金属矿采选业,证监会行业分类,1
2026-09-07,000300,CSI 300,sh.605117,605117.SS,德业股份,SH,C38电气机械和器材制造业,证监会行业分类,1
2026-09-07,000300,CSI 300,sh.605499,605499.SS,东鹏饮料,SH,C15酒、饮料和精制茶制造业,证监会行业分类,1
2026-09-07,000300,CSI 300,sh.688008,688008.SS,澜起科技,SH,C39计算机、通信和其他电子设备制造业,证监会行业分类,1
2026-09-07,000300,CSI 300,sh.688009,688009.SS,中国通号,SH,C37铁路、船舶、航空航天和其他运输设备制造业,证监会行业分类,1
2026-09-07,000300,CSI 300,sh.688012,688012.SS,中微公司,SH,C35专用设备制造业,证监会行业分类,1
2026-09-07,000300,CSI 300,sh.688036,688036.SS,传音控股,SH,C39计算机、通信和其他电子设备制造业,证监会行业分类,1
2026-09-07,000300,CSI 300,sh.688041,688041.SS,海光信息,SH,C39计算机、通信和其他电子设备制造业,证监会行业分类,1
2026-09-07,000300,CSI 300,sh.688047,688047.SS,龙芯中科,SH,C39计算机、通信和其他电子设备制造业,证监会行业分类,1
2026-09-07,000300,CSI 300,sh.688072,688072.SS,拓荆科技,SH,C35专用设备制造业,证监会行业分类,1
2026-09-07,000300,CSI 300,sh.688082,688082.SS,盛美上海,SH,C35专用设备制造业,证监会行业分类,1
2026-09-07,000300,CSI 300,sh.688111,688111.SS,金山办公,SH,I65软件和信息技术服务业,证监会行业分类,1
2026-09-07,000300,CSI 300,sh.688126,688126.SS,沪硅产业,SH,C39计算机、通信和其他电子设备制造业,证监会行业分类,1
2026-09-07,000300,CSI 300,sh.688183,688183.SS,生益电子,SH,C39计算机、通信和其他电子设备制造业,证监会行业分类,1
2026-09-07,000300,CSI 300,sh.688223,688223.SS,晶科能源,SH,C38电气机械和器材制造业,证监会行业分类,1
2026-09-07,000300,CSI 300,sh.688256,688256.SS,寒武纪,SH,I65软件和信息技术服务业,证监会行业分类,1
2026-09-07,000300,CSI 300,sh.688271,688271.SS,联影医疗,SH,C35专用设备制造业,证监会行业分类,1
2026-09-07,000300,CSI 300,sh.688303,688303.SS,大全能源,SH,C38电气机械和器材制造业,证监会行业分类,1
2026-09-07,000300,CSI 300,sh.688396,688396.SS,华润微,SH,C39计算机、通信和其他电子设备制造业,证监会行业分类,1
2026-09-07,000300,CSI 300,sh.688472,688472.SS,阿特斯,SH,C38电气机械和器材制造业,证监会行业分类,1
2026-09-07,000300,CSI 300,sh.688506,688506.SS,百利天恒,SH,C27医药制造业,证监会行业分类,1
2026-09-07,000300,CSI 300,sh.688521,688521.SS,芯原股份,SH,I65软件和信息技术服务业,证监会行业分类,1
2026-09-07,000300,CSI 300,sh.688981,688981.SS,中芯国际,SH,C39计算机、通信和其他电子设备制造业,证监会行业分类,1
2026-09-07,000300,CSI 300,sz.000001,000001.SZ,平安银行,SZ,J66货币金融服务,证监会行业分类,1
2026-09-07,000300,CSI 300,sz.000002,000002.SZ,万科A,SZ,K70房地产业,证监会行业分类,1
2026-09-07,000300,CSI 300,sz.000063,000063.SZ,中兴通讯,SZ,C39计算机、通信和其他电子设备制造业,证监会行业分类,1
2026-09-07,000300,CSI 300,sz.000100,000100.SZ,TCL科技,SZ,C39计算机、通信和其他电子设备制造业,证监会行业分类,1
2026-09-07,000300,CSI 300,sz.000157,000157.SZ,中联重科,SZ,C35专用设备制造业,证监会行业分类,1
2026-09-07,000300,CSI 300,sz.000166,000166.SZ,申万宏源,SZ,J67资本市场服务,证监会行业分类,1
2026-09-07,000300,CSI 300,sz.000301,000301.SZ,东方盛虹,SZ,C26化学原料和化学制品制造业,证监会行业分类,1
2026-09-07,000300,CSI 300,sz.000333,000333.SZ,美的集团,SZ,C38电气机械和器材制造业,证监会行业分类,1
2026-09-07,000300,CSI 300,sz.000338,000338.SZ,潍柴动力,SZ,C36汽车制造业,证监会行业分类,1
2026-09-07,000300,CSI 300,sz.000408,000408.SZ,藏格矿业,SZ,C26化学原料和化学制品制造业,证监会行业分类,1
2026-09-07,000300,CSI 300,sz.000425,000425.SZ,徐工机械,SZ,C35专用设备制造业,证监会行业分类,1
2026-09-07,000300,CSI 300,sz.000538,000538.SZ,云南白药,SZ,C27医药制造业,证监会行业分类,1
2026-09-07,000300,CSI 300,sz.000568,000568.SZ,泸州老窖,SZ,C15酒、饮料和精制茶制造业,证监会行业分类,1
2026-09-07,000300,CSI 300,sz.000596,000596.SZ,古井贡酒,SZ,C15酒、饮料和精制茶制造业,证监会行业分类,1
2026-09-07,000300,CSI 300,sz.000617,000617.SZ,中油资本,SZ,J66货币金融服务,证监会行业分类,1
2026-09-07,000300,CSI 300,sz.000625,000625.SZ,长安汽车,SZ,C36汽车制造业,证监会行业分类,1
2026-09-07,000300,CSI 300,sz.000630,000630.SZ,铜陵有色,SZ,C32有色金属冶炼和压延加工业,证监会行业分类,1
2026-09-07,000300,CSI 300,sz.000651,000651.SZ,格力电器,SZ,C38电气机械和器材制造业,证监会行业分类,1
2026-09-07,000300,CSI 300,sz.000657,000657.SZ,中钨高新,SZ,C33金属制品业,证监会行业分类,1
2026-09-07,000300,CSI 300,sz.000708,000708.SZ,中信特钢,SZ,C31黑色金属冶炼和压延加工业,证监会行业分类,1
2026-09-07,000300,CSI 300,sz.000725,000725.SZ,京东方A,SZ,C39计算机、通信和其他电子设备制造业,证监会行业分类,1
2026-09-07,000300,CSI 300,sz.000768,000768.SZ,中航西飞,SZ,C37铁路、船舶、航空航天和其他运输设备制造业,证监会行业分类,1
2026-09-07,000300,CSI 300,sz.000776,000776.SZ,广发证券,SZ,J67资本市场服务,证监会行业分类,1
2026-09-07,000300,CSI 300,sz.000792,000792.SZ,盐湖股份,SZ,C26化学原料和化学制品制造业,证监会行业分类,1
2026-09-07,000300,CSI 300,sz.000807,000807.SZ,云铝股份,SZ,C32有色金属冶炼和压延加工业,证监会行业分类,1
2026-09-07,000300,CSI 300,sz.000858,000858.SZ,五粮液,SZ,C15酒、饮料和精制茶制造业,证监会行业分类,1
2026-09-07,000300,CSI 300,sz.000895,000895.SZ,双汇发展,SZ,C13农副食品加工业,证监会行业分类,1
2026-09-07,000300,CSI 300,sz.000938,000938.SZ,紫光股份,SZ,C39计算机、通信和其他电子设备制造业,证监会行业分类,1
2026-09-07,000300,CSI 300,sz.000963,000963.SZ,华东医药,SZ,F52零售业,证监会行业分类,1
2026-09-07,000300,CSI 300,sz.000975,000975.SZ,山金国际,SZ,B09有色金属矿采选业,证监会行业分类,1
2026-09-07,000300,CSI 300,sz.000977,000977.SZ,浪潮信息,SZ,C39计算机、通信和其他电子设备制造业,证监会行业分类,1
2026-09-07,000300,CSI 300,sz.000988,000988.SZ,华工科技,SZ,C39计算机、通信和其他电子设备制造业,证监会行业分类,1
2026-09-07,000300,CSI 300,sz.000999,000999.SZ,华润三九,SZ,C27医药制造业,证监会行业分类,1
2026-09-07,000300,CSI 300,sz.001280,001280.SZ,中国铀业,SZ,B09有色金属矿采选业,证监会行业分类,1
2026-09-07,000300,CSI 300,sz.001391,001391.SZ,国货航,SZ,G56航空运输业,证监会行业分类,1
2026-09-07,000300,CSI 300,sz.001965,001965.SZ,招商公路,SZ,G54道路运输业,证监会行业分类,1
2026-09-07,000300,CSI 300,sz.001979,001979.SZ,招商蛇口,SZ,K70房地产业,证监会行业分类,1
2026-09-07,000300,CSI 300,sz.002001,002001.SZ,新和成,SZ,C27医药制造业,证监会行业分类,1
2026-09-07,000300,CSI 300,sz.002027,002027.SZ,分众传媒,SZ,L72商务服务业,证监会行业分类,1
2026-09-07,000300,CSI 300,sz.002028,002028.SZ,思源电气,SZ,C38电气机械和器材制造业,证监会行业分类,1
2026-09-07,000300,CSI 300,sz.002049,002049.SZ,紫光国微,SZ,C39计算机、通信和其他电子设备制造业,证监会行业分类,1
2026-09-07,000300,CSI 300,sz.002050,002050.SZ,三花智控,SZ,C34通用设备制造业,证监会行业分类,1
2026-09-07,000300,CSI 300,sz.002074,002074.SZ,国轩高科,SZ,C38电气机械和器材制造业,证监会行业分类,1
2026-09-07,000300,CSI 300,sz.002142,002142.SZ,宁波银行,SZ,J66货币金融服务,证监会行业分类,1
2026-09-07,000300,CSI 300,sz.002179,002179.SZ,中航光电,SZ,C39计算机、通信和其他电子设备制造业,证监会行业分类,1
2026-09-07,000300,CSI 300,sz.002202,002202.SZ,金风科技,SZ,C34通用设备制造业,证监会行业分类,1
2026-09-07,000300,CSI 300,sz.002230,002230.SZ,科大讯飞,SZ,I65软件和信息技术服务业,证监会行业分类,1
2026-09-07,000300,CSI 300,sz.002236,002236.SZ,大华股份,SZ,C39计算机、通信和其他电子设备制造业,证监会行业分类,1
2026-09-07,000300,CSI 300,sz.002241,002241.SZ,歌尔股份,SZ,C39计算机、通信和其他电子设备制造业,证监会行业分类,1
2026-09-07,000300,CSI 300,sz.002304,002304.SZ,洋河股份,SZ,C15酒、饮料和精制茶制造业,证监会行业分类,1
2026-09-07,000300,CSI 300,sz.002311,002311.SZ,海大集团,SZ,C13农副食品加工业,证监会行业分类,1
2026-09-07,000300,CSI 300,sz.002352,002352.SZ,顺丰控股,SZ,G60邮政业,证监会行业分类,1
2026-09-07,000300,CSI 300,sz.002353,002353.SZ,杰瑞股份,SZ,C35专用设备制造业,证监会行业分类,1
2026-09-07,000300,CSI 300,sz.002371,002371.SZ,北方华创,SZ,C35专用设备制造业,证监会行业分类,1
2026-09-07,000300,CSI 300,sz.002384,002384.SZ,东山精密,SZ,C39计算机、通信和其他电子设备制造业,证监会行业分类,1
2026-09-07,000300,CSI 300,sz.002415,002415.SZ,海康威视,SZ,C39计算机、通信和其他电子设备制造业,证监会行业分类,1
2026-09-07,000300,CSI 300,sz.002422,002422.SZ,科伦药业,SZ,C27医药制造业,证监会行业分类,1
2026-09-07,000300,CSI 300,sz.002460,002460.SZ,赣锋锂业,SZ,C32有色金属冶炼和压延加工业,证监会行业分类,1
2026-09-07,000300,CSI 300,sz.002463,002463.SZ,沪电股份,SZ,C39计算机、通信和其他电子设备制造业,证监会行业分类,1
2026-09-07,000300,CSI 300,sz.002466,002466.SZ,天齐锂业,SZ,C32有色金属冶炼和压延加工业,证监会行业分类,1
2026-09-07,000300,CSI 300,sz.002475,002475.SZ,立讯精密,SZ,C39计算机、通信和其他电子设备制造业,证监会行业分类,1
2026-09-07,000300,CSI 300,sz.002493,002493.SZ,荣盛石化,SZ,C26化学原料和化学制品制造业,证监会行业分类,1
2026-09-07,000300,CSI 300,sz.002532,002532.SZ,天山铝业,SZ,C32有色金属冶炼和压延加工业,证监会行业分类,1
2026-09-07,000300,CSI 300,sz.002558,002558.SZ,巨人网络,SZ,I64互联网和相关服务,证监会行业分类,1
2026-09-07,000300,CSI 300,sz.002594,002594.SZ,比亚迪,SZ,C36汽车制造业,证监会行业分类,1
2026-09-07,000300,CSI 300,sz.002600,002600.SZ,领益智造,SZ,C39计算机、通信和其他电子设备制造业,证监会行业分类,1
2026-09-07,000300,CSI 300,sz.002602,002602.SZ,世纪华通,SZ,I64互联网和相关服务,证监会行业分类,1
2026-09-07,000300,CSI 300,sz.002625,002625.SZ,光启技术,SZ,C37铁路、船舶、航空航天和其他运输设备制造业,证监会行业分类,1
2026-09-07,000300,CSI 300,sz.002648,002648.SZ,卫星化学,SZ,C26化学原料和化学制品制造业,证监会行业分类,1
2026-09-07,000300,CSI 300,sz.002709,002709.SZ,天赐材料,SZ,C39计算机、通信和其他电子设备制造业,证监会行业分类,1
2026-09-07,000300,CSI 300,sz.002714,002714.SZ,牧原股份,SZ,A03畜牧业,证监会行业分类,1
2026-09-07,000300,CSI 300,sz.002736,002736.SZ,国信证券,SZ,J67资本市场服务,证监会行业分类,1
2026-09-07,000300,CSI 300,sz.002837,002837.SZ,英维克,SZ,C35专用设备制造业,证监会行业分类,1
2026-09-07,000300,CSI 300,sz.002916,002916.SZ,深南电路,SZ,C39计算机、通信和其他电子设备制造业,证监会行业分类,1
2026-09-07,000300,CSI 300,sz.002920,002920.SZ,德赛西威,SZ,C39计算机、通信和其他电子设备制造业,证监会行业分类,1
2026-09-07,000300,CSI 300,sz.002938,002938.SZ,鹏鼎控股,SZ,C39计算机、通信和其他电子设备制造业,证监会行业分类,1
2026-09-07,000300,CSI 300,sz.003816,003816.SZ,中国广核,SZ,D44电力、热力生产和供应业,证监会行业分类,1
2026-09-07,000300,CSI 300,sz.300014,300014.SZ,亿纬锂能,SZ,C38电气机械和器材制造业,证监会行业分类,1
2026-09-07,000300,CSI 300,sz.300015,300015.SZ,爱尔眼科,SZ,Q84卫生,证监会行业分类,1
2026-09-07,000300,CSI 300,sz.300033,300033.SZ,同花顺,SZ,J69其他金融业,证监会行业分类,1
2026-09-07,000300,CSI 300,sz.300059,300059.SZ,东方财富,SZ,J67资本市场服务,证监会行业分类,1
2026-09-07,000300,CSI 300,sz.300122,300122.SZ,智飞生物,SZ,C27医药制造业,证监会行业分类,1
2026-09-07,000300,CSI 300,sz.300124,300124.SZ,汇川技术,SZ,C38电气机械和器材制造业,证监会行业分类,1
2026-09-07,000300,CSI 300,sz.300251,300251.SZ,光线传媒,SZ,R87广播、电视、电影和录音制作业,证监会行业分类,1
2026-09-07,000300,CSI 300,sz.300274,300274.SZ,阳光电源,SZ,C38电气机械和器材制造业,证监会行业分类,1
2026-09-07,000300,CSI 300,sz.300308,300308.SZ,中际旭创,SZ,C39计算机、通信和其他电子设备制造业,证监会行业分类,1
2026-09-07,000300,CSI 300,sz.300316,300316.SZ,晶盛机电,SZ,C35专用设备制造业,证监会行业分类,1
2026-09-07,000300,CSI 300,sz.300394,300394.SZ,天孚通信,SZ,C39计算机、通信和其他电子设备制造业,证监会行业分类,1
2026-09-07,000300,CSI 300,sz.300408,300408.SZ,三环集团,SZ,C39计算机、通信和其他电子设备制造业,证监会行业分类,1
2026-09-07,000300,CSI 300,sz.300413,300413.SZ,芒果超媒,SZ,I64互联网和相关服务,证监会行业分类,1
2026-09-07,000300,CSI 300,sz.300418,300418.SZ,昆仑万维,SZ,I64互联网和相关服务,证监会行业分类,1
2026-09-07,000300,CSI 300,sz.300433,300433.SZ,蓝思科技,SZ,C39计算机、通信和其他电子设备制造业,证监会行业分类,1
2026-09-07,000300,CSI 300,sz.300442,300442.SZ,润泽科技,SZ,I65软件和信息技术服务业,证监会行业分类,1
2026-09-07,000300,CSI 300,sz.300450,300450.SZ,先导智能,SZ,C35专用设备制造业,证监会行业分类,1
2026-09-07,000300,CSI 300,sz.300476,300476.SZ,胜宏科技,SZ,C39计算机、通信和其他电子设备制造业,证监会行业分类,1
2026-09-07,000300,CSI 300,sz.300498,300498.SZ,温氏股份,SZ,A03畜牧业,证监会行业分类,1
2026-09-07,000300,CSI 300,sz.300502,300502.SZ,新易盛,SZ,C39计算机、通信和其他电子设备制造业,证监会行业分类,1
2026-09-07,000300,CSI 300,sz.300628,300628.SZ,亿联网络,SZ,C39计算机、通信和其他电子设备制造业,证监会行业分类,1
2026-09-07,000300,CSI 300,sz.300661,300661.SZ,圣邦股份,SZ,C39计算机、通信和其他电子设备制造业,证监会行业分类,1
2026-09-07,000300,CSI 300,sz.300750,300750.SZ,宁德时代,SZ,C38电气机械和器材制造业,证监会行业分类,1
2026-09-07,000300,CSI 300,sz.300760,300760.SZ,迈瑞医疗,SZ,C35专用设备制造业,证监会行业分类,1
2026-09-07,000300,CSI 300,sz.300803,300803.SZ,指南针,SZ,J69其他金融业,证监会行业分类,1
2026-09-07,000300,CSI 300,sz.300832,300832.SZ,新产业,SZ,C27医药制造业,证监会行业分类,1
2026-09-07,000300,CSI 300,sz.300866,300866.SZ,安克创新,SZ,C39计算机、通信和其他电子设备制造业,证监会行业分类,1
2026-09-07,000300,CSI 300,sz.300896,300896.SZ,爱美客,SZ,C35专用设备制造业,证监会行业分类,1
2026-09-07,000300,CSI 300,sz.300999,300999.SZ,金龙鱼,SZ,C13农副食品加工业,证监会行业分类,1
2026-09-07,000300,CSI 300,sz.301165,301165.SZ,锐捷网络,SZ,C39计算机、通信和其他电子设备制造业,证监会行业分类,1
2026-09-07,000300,CSI 300,sz.301236,301236.SZ,软通动力,SZ,I65软件和信息技术服务业,证监会行业分类,1
2026-09-07,000300,CSI 300,sz.301269,301269.SZ,华大九天,SZ,I65软件和信息技术服务业,证监会行业分类,1
2026-09-07,000300,CSI 300,sz.301308,301308.SZ,江波龙,SZ,C39计算机、通信和其他电子设备制造业,证监会行业分类,1
2026-09-07,000300,CSI 300,sz.302132,302132.SZ,中航成飞,SZ,C39计算机、通信和其他电子设备制造业,证监会行业分类,1
