snapshot_date,component_column,component_name,model_ready,weight_method,number_of_training_periods,training_start_date,training_end_date,weighted_mean_ic,weighted_ic_std,positive_ic_rate_percent,raw_strength,target_weight,smoothed_weight,lookahead_violation
2019-07-31,turnover_stability_component,Turnover Stability,0,INSUFFICIENT_HISTORY,0,,,,,,0.0000000000,0.0000000000,0.0000000000,0
2019-07-31,low_risk_component,Low Risk,0,INSUFFICIENT_HISTORY,0,,,,,,0.0000000000,0.0000000000,0.0000000000,0
2019-07-31,long_momentum_component,12-1 Momentum,0,INSUFFICIENT_HISTORY,0,,,,,,0.0000000000,0.0000000000,0.0000000000,0
2019-07-31,value_component,Value,0,INSUFFICIENT_HISTORY,0,,,,,,0.0000000000,0.0000000000,0.0000000000,0
2019-07-31,short_reversal_component,Short Reversal,0,INSUFFICIENT_HISTORY,0,,,,,,0.0000000000,0.0000000000,0.0000000000,0
2019-08-31,turnover_stability_component,Turnover Stability,0,INSUFFICIENT_HISTORY,1,2019-08-31,2019-08-31,-0.0905081268,0.0000000000,0.0000000000,0.0000000000,0.0000000000,0.0000000000,0
2019-08-31,low_risk_component,Low Risk,0,INSUFFICIENT_HISTORY,1,2019-08-31,2019-08-31,-0.1586833363,0.0000000000,0.0000000000,0.0000000000,0.0000000000,0.0000000000,0
2019-08-31,long_momentum_component,12-1 Momentum,0,INSUFFICIENT_HISTORY,0,,,,,,0.0000000000,0.0000000000,0.0000000000,0
2019-08-31,value_component,Value,0,INSUFFICIENT_HISTORY,1,2019-08-31,2019-08-31,-0.2701552540,0.0000000000,0.0000000000,0.0000000000,0.0000000000,0.0000000000,0
2019-08-31,short_reversal_component,Short Reversal,0,INSUFFICIENT_HISTORY,1,2019-08-31,2019-08-31,-0.1138012771,0.0000000000,0.0000000000,0.0000000000,0.0000000000,0.0000000000,0
2019-09-30,turnover_stability_component,Turnover Stability,0,INSUFFICIENT_HISTORY,2,2019-08-31,2019-09-30,-0.0824788681,0.0078006813,0.0000000000,0.0000000000,0.0000000000,0.0000000000,0
2019-09-30,low_risk_component,Low Risk,0,INSUFFICIENT_HISTORY,2,2019-08-31,2019-09-30,-0.0895185229,0.0671958254,0.0000000000,0.0000000000,0.0000000000,0.0000000000,0
2019-09-30,long_momentum_component,12-1 Momentum,0,INSUFFICIENT_HISTORY,0,,,,,,0.0000000000,0.0000000000,0.0000000000,0
2019-09-30,value_component,Value,0,INSUFFICIENT_HISTORY,2,2019-08-31,2019-09-30,-0.0969590613,0.1682656332,50.0000000000,0.0000000000,0.0000000000,0.0000000000,0
2019-09-30,short_reversal_component,Short Reversal,0,INSUFFICIENT_HISTORY,2,2019-08-31,2019-09-30,0.0280431399,0.1378063818,50.0000000000,0.0000000000,0.0000000000,0.0000000000,0
2019-10-31,turnover_stability_component,Turnover Stability,0,INSUFFICIENT_HISTORY,3,2019-08-31,2019-10-31,-0.0276353808,0.0745521967,33.3333333333,0.0000000000,0.0000000000,0.0000000000,0
2019-10-31,low_risk_component,Low Risk,0,INSUFFICIENT_HISTORY,3,2019-08-31,2019-10-31,-0.0446225630,0.0813677799,33.3333333333,0.0000000000,0.0000000000,0.0000000000,0
2019-10-31,long_momentum_component,12-1 Momentum,0,INSUFFICIENT_HISTORY,0,,,,,,0.0000000000,0.0000000000,0.0000000000,0
2019-10-31,value_component,Value,0,INSUFFICIENT_HISTORY,3,2019-08-31,2019-10-31,-0.0762812747,0.1382387655,33.3333333333,0.0000000000,0.0000000000,0.0000000000,0
2019-10-31,short_reversal_component,Short Reversal,0,INSUFFICIENT_HISTORY,3,2019-08-31,2019-10-31,0.0122259206,0.1129179801,33.3333333333,0.0000000000,0.0000000000,0.0000000000,0
2019-11-30,turnover_stability_component,Turnover Stability,0,INSUFFICIENT_HISTORY,4,2019-08-31,2019-11-30,0.0093840096,0.0878222530,50.0000000000,0.0000000000,0.0000000000,0.0000000000,0
2019-11-30,low_risk_component,Low Risk,0,INSUFFICIENT_HISTORY,4,2019-08-31,2019-11-30,-0.0170542880,0.0827829899,50.0000000000,0.0000000000,0.0000000000,0.0000000000,0
2019-11-30,long_momentum_component,12-1 Momentum,0,INSUFFICIENT_HISTORY,0,,,,,,0.0000000000,0.0000000000,0.0000000000,0
2019-11-30,value_component,Value,0,INSUFFICIENT_HISTORY,4,2019-08-31,2019-11-30,-0.0153856291,0.1543795511,50.0000000000,0.0000000000,0.0000000000,0.0000000000,0
2019-11-30,short_reversal_component,Short Reversal,0,INSUFFICIENT_HISTORY,4,2019-08-31,2019-11-30,-0.0054898735,0.1006048884,25.0000000000,0.0000000000,0.0000000000,0.0000000000,0
2019-12-31,turnover_stability_component,Turnover Stability,0,INSUFFICIENT_HISTORY,5,2019-08-31,2019-12-31,-0.0060826526,0.0825650797,40.0000000000,0.0000000000,0.0000000000,0.0000000000,0
2019-12-31,low_risk_component,Low Risk,0,INSUFFICIENT_HISTORY,5,2019-08-31,2019-12-31,-0.0244889050,0.0742391862,40.0000000000,0.0000000000,0.0000000000,0.0000000000,0
2019-12-31,long_momentum_component,12-1 Momentum,0,INSUFFICIENT_HISTORY,0,,,,,,0.0000000000,0.0000000000,0.0000000000,0
2019-12-31,value_component,Value,0,INSUFFICIENT_HISTORY,5,2019-08-31,2019-12-31,0.0087320132,0.1432428451,60.0000000000,0.0000000000,0.0000000000,0.0000000000,0
2019-12-31,short_reversal_component,Short Reversal,0,INSUFFICIENT_HISTORY,5,2019-08-31,2019-12-31,0.0055455196,0.0909903359,40.0000000000,0.0000000000,0.0000000000,0.0000000000,0
2020-01-31,turnover_stability_component,Turnover Stability,0,INSUFFICIENT_HISTORY,6,2019-08-31,2020-01-31,0.0011049285,0.0756876486,50.0000000000,0.0000000000,0.0000000000,0.0000000000,0
2020-01-31,low_risk_component,Low Risk,0,INSUFFICIENT_HISTORY,6,2019-08-31,2020-01-31,-0.0230617150,0.0668125437,33.3333333333,0.0000000000,0.0000000000,0.0000000000,0
2020-01-31,long_momentum_component,12-1 Momentum,0,INSUFFICIENT_HISTORY,0,,,,,,0.0000000000,0.0000000000,0.0000000000,0
2020-01-31,value_component,Value,0,INSUFFICIENT_HISTORY,6,2019-08-31,2020-01-31,-0.0110403240,0.1350402273,50.0000000000,0.0000000000,0.0000000000,0.0000000000,0
2020-01-31,short_reversal_component,Short Reversal,0,INSUFFICIENT_HISTORY,6,2019-08-31,2020-01-31,0.0255158215,0.0915157516,50.0000000000,0.0000000000,0.0000000000,0.0000000000,0
2020-02-29,turnover_stability_component,Turnover Stability,0,INSUFFICIENT_HISTORY,7,2019-08-31,2020-02-29,-0.0199840797,0.0833817903,42.8571428571,0.0000000000,0.0000000000,0.0000000000,0
2020-02-29,low_risk_component,Low Risk,0,INSUFFICIENT_HISTORY,7,2019-08-31,2020-02-29,-0.0267661340,0.0614669475,28.5714285714,0.0000000000,0.0000000000,0.0000000000,0
2020-02-29,long_momentum_component,12-1 Momentum,0,INSUFFICIENT_HISTORY,1,2020-02-29,2020-02-29,0.0464623095,0.0000000000,100.0000000000,0.0000000000,0.0000000000,0.0000000000,0
2020-02-29,value_component,Value,0,INSUFFICIENT_HISTORY,7,2019-08-31,2020-02-29,-0.0189003592,0.1243491608,42.8571428571,0.0000000000,0.0000000000,0.0000000000,0
2020-02-29,short_reversal_component,Short Reversal,0,INSUFFICIENT_HISTORY,7,2019-08-31,2020-02-29,0.0235624811,0.0835497011,57.1428571429,0.0000000000,0.0000000000,0.0000000000,0
2020-03-31,turnover_stability_component,Turnover Stability,0,INSUFFICIENT_HISTORY,8,2019-08-31,2020-03-31,-0.0039415085,0.0856589181,50.0000000000,0.0000000000,0.0000000000,0.0000000000,0
2020-03-31,low_risk_component,Low Risk,0,INSUFFICIENT_HISTORY,8,2019-08-31,2020-03-31,0.0068255794,0.0975517587,37.5000000000,0.0000000000,0.0000000000,0.0000000000,0
2020-03-31,long_momentum_component,12-1 Momentum,0,INSUFFICIENT_HISTORY,2,2020-02-29,2020-03-31,0.0374602478,0.0087457905,100.0000000000,0.0000000000,0.0000000000,0.0000000000,0
2020-03-31,value_component,Value,0,INSUFFICIENT_HISTORY,8,2019-08-31,2020-03-31,-0.0155360832,0.1148072858,50.0000000000,0.0000000000,0.0000000000,0.0000000000,0
2020-03-31,short_reversal_component,Short Reversal,0,INSUFFICIENT_HISTORY,8,2019-08-31,2020-03-31,-0.0066077370,0.1049419255,50.0000000000,0.0000000000,0.0000000000,0.0000000000,0
2020-04-30,turnover_stability_component,Turnover Stability,0,INSUFFICIENT_HISTORY,9,2019-08-31,2020-04-30,-0.0111862907,0.0815366964,44.4444444444,0.0000000000,0.0000000000,0.0000000000,0
2020-04-30,low_risk_component,Low Risk,0,INSUFFICIENT_HISTORY,9,2019-08-31,2020-04-30,-0.0297246194,0.1285000686,33.3333333333,0.0000000000,0.0000000000,0.0000000000,0
2020-04-30,long_momentum_component,12-1 Momentum,0,INSUFFICIENT_HISTORY,3,2020-02-29,2020-04-30,0.1232374154,0.1164012770,100.0000000000,0.0000000000,0.0000000000,0.0000000000,0
2020-04-30,value_component,Value,0,INSUFFICIENT_HISTORY,9,2019-08-31,2020-04-30,-0.0397262538,0.1224637676,44.4444444444,0.0000000000,0.0000000000,0.0000000000,0
2020-04-30,short_reversal_component,Short Reversal,0,INSUFFICIENT_HISTORY,9,2019-08-31,2020-04-30,-0.0202858542,0.1032104283,44.4444444444,0.0000000000,0.0000000000,0.0000000000,0
2020-05-31,turnover_stability_component,Turnover Stability,0,INSUFFICIENT_HISTORY,10,2019-08-31,2020-05-31,-0.0061727736,0.0772604614,50.0000000000,0.0000000000,0.0000000000,0.0000000000,0
2020-05-31,low_risk_component,Low Risk,0,INSUFFICIENT_HISTORY,10,2019-08-31,2020-05-31,-0.0271227045,0.1201924917,30.0000000000,0.0000000000,0.0000000000,0.0000000000,0
2020-05-31,long_momentum_component,12-1 Momentum,0,INSUFFICIENT_HISTORY,4,2020-02-29,2020-05-31,0.0912530604,0.1122508936,100.0000000000,0.0000000000,0.0000000000,0.0000000000,0
2020-05-31,value_component,Value,0,INSUFFICIENT_HISTORY,10,2019-08-31,2020-05-31,-0.0551530270,0.1212495711,40.0000000000,0.0000000000,0.0000000000,0.0000000000,0
2020-05-31,short_reversal_component,Short Reversal,0,INSUFFICIENT_HISTORY,10,2019-08-31,2020-05-31,-0.0310617747,0.1004063883,40.0000000000,0.0000000000,0.0000000000,0.0000000000,0
2020-06-30,turnover_stability_component,Turnover Stability,0,INSUFFICIENT_HISTORY,11,2019-08-31,2020-06-30,-0.0039263092,0.0727599225,54.5454545455,0.0000000000,0.0000000000,0.0000000000,0
2020-06-30,low_risk_component,Low Risk,0,INSUFFICIENT_HISTORY,11,2019-08-31,2020-06-30,-0.0329345448,0.1138917993,27.2727272727,0.0000000000,0.0000000000,0.0000000000,0
2020-06-30,long_momentum_component,12-1 Momentum,0,INSUFFICIENT_HISTORY,5,2020-02-29,2020-06-30,0.0998657197,0.1001916440,100.0000000000,0.0000000000,0.0000000000,0.0000000000,0
2020-06-30,value_component,Value,0,INSUFFICIENT_HISTORY,11,2019-08-31,2020-06-30,-0.0565079646,0.1138438078,36.3636363636,0.0000000000,0.0000000000,0.0000000000,0
2020-06-30,short_reversal_component,Short Reversal,0,INSUFFICIENT_HISTORY,11,2019-08-31,2020-06-30,-0.0250136130,0.0956460191,45.4545454545,0.0000000000,0.0000000000,0.0000000000,0
2020-07-31,turnover_stability_component,Turnover Stability,0,INSUFFICIENT_HISTORY,12,2019-08-31,2020-07-31,0.0029999642,0.0712681350,58.3333333333,0.0000000000,0.0000000000,0.0000000000,0
2020-07-31,low_risk_component,Low Risk,0,INSUFFICIENT_HISTORY,12,2019-08-31,2020-07-31,-0.0308855764,0.1074639165,25.0000000000,0.0000000000,0.0000000000,0.0000000000,0
2020-07-31,long_momentum_component,12-1 Momentum,0,INSUFFICIENT_HISTORY,6,2020-02-29,2020-07-31,0.0865361494,0.0941504082,100.0000000000,0.0000000000,0.0000000000,0.0000000000,0
2020-07-31,value_component,Value,0,INSUFFICIENT_HISTORY,12,2019-08-31,2020-07-31,-0.0597469139,0.1076501541,33.3333333333,0.0000000000,0.0000000000,0.0000000000,0
2020-07-31,short_reversal_component,Short Reversal,0,INSUFFICIENT_HISTORY,12,2019-08-31,2020-07-31,-0.0258623925,0.0901496804,41.6666666667,0.0000000000,0.0000000000,0.0000000000,0
2020-08-31,turnover_stability_component,Turnover Stability,0,INSUFFICIENT_HISTORY,13,2019-08-31,2020-08-31,0.0201812312,0.0837942873,61.5384615385,0.0000000000,0.0000000000,0.0000000000,0
2020-08-31,low_risk_component,Low Risk,0,INSUFFICIENT_HISTORY,13,2019-08-31,2020-08-31,-0.0152267400,0.1112781477,30.7692307692,0.0000000000,0.0000000000,0.0000000000,0
2020-08-31,long_momentum_component,12-1 Momentum,0,INSUFFICIENT_HISTORY,7,2020-02-29,2020-08-31,0.0723286950,0.0914473694,100.0000000000,0.0000000000,0.0000000000,0.0000000000,0
2020-08-31,value_component,Value,0,INSUFFICIENT_HISTORY,13,2019-08-31,2020-08-31,-0.0418501286,0.1142369421,38.4615384615,0.0000000000,0.0000000000,0.0000000000,0
2020-08-31,short_reversal_component,Short Reversal,0,INSUFFICIENT_HISTORY,13,2019-08-31,2020-08-31,-0.0110744515,0.0954043854,46.1538461538,0.0000000000,0.0000000000,0.0000000000,0
2020-09-30,turnover_stability_component,Turnover Stability,0,INSUFFICIENT_HISTORY,14,2019-08-31,2020-09-30,0.0224415406,0.0797258660,64.2857142857,0.0000000000,0.0000000000,0.0000000000,0
2020-09-30,low_risk_component,Low Risk,0,INSUFFICIENT_HISTORY,14,2019-08-31,2020-09-30,-0.0146226358,0.1055121308,28.5714285714,0.0000000000,0.0000000000,0.0000000000,0
2020-09-30,long_momentum_component,12-1 Momentum,0,INSUFFICIENT_HISTORY,8,2020-02-29,2020-09-30,0.0761442867,0.0847092065,100.0000000000,0.0000000000,0.0000000000,0.0000000000,0
2020-09-30,value_component,Value,0,INSUFFICIENT_HISTORY,14,2019-08-31,2020-09-30,-0.0422991096,0.1083101087,35.7142857143,0.0000000000,0.0000000000,0.0000000000,0
2020-09-30,short_reversal_component,Short Reversal,0,INSUFFICIENT_HISTORY,14,2019-08-31,2020-09-30,-0.0180571510,0.0928104890,42.8571428571,0.0000000000,0.0000000000,0.0000000000,0
2020-10-31,turnover_stability_component,Turnover Stability,0,INSUFFICIENT_HISTORY,15,2019-08-31,2020-10-31,0.0247349587,0.0760901414,66.6666666667,0.0000000000,0.0000000000,0.0000000000,0
2020-10-31,low_risk_component,Low Risk,0,INSUFFICIENT_HISTORY,15,2019-08-31,2020-10-31,-0.0073312957,0.1027155017,33.3333333333,0.0000000000,0.0000000000,0.0000000000,0
2020-10-31,long_momentum_component,12-1 Momentum,0,INSUFFICIENT_HISTORY,9,2020-02-29,2020-10-31,0.0551793201,0.0944320151,88.8888888889,0.0000000000,0.0000000000,0.0000000000,0
2020-10-31,value_component,Value,0,INSUFFICIENT_HISTORY,15,2019-08-31,2020-10-31,-0.0375122456,0.1039648948,40.0000000000,0.0000000000,0.0000000000,0.0000000000,0
2020-10-31,short_reversal_component,Short Reversal,0,INSUFFICIENT_HISTORY,15,2019-08-31,2020-10-31,-0.0170271963,0.0882581026,40.0000000000,0.0000000000,0.0000000000,0.0000000000,0
2020-11-30,turnover_stability_component,Turnover Stability,0,INSUFFICIENT_HISTORY,16,2019-08-31,2020-11-30,0.0252352023,0.0724802809,68.7500000000,0.0000000000,0.0000000000,0.0000000000,0
2020-11-30,low_risk_component,Low Risk,0,INSUFFICIENT_HISTORY,16,2019-08-31,2020-11-30,-0.0049937148,0.0980916116,37.5000000000,0.0000000000,0.0000000000,0.0000000000,0
2020-11-30,long_momentum_component,12-1 Momentum,0,INSUFFICIENT_HISTORY,10,2020-02-29,2020-11-30,0.0495280824,0.0894117160,90.0000000000,0.0000000000,0.0000000000,0.0000000000,0
2020-11-30,value_component,Value,0,INSUFFICIENT_HISTORY,16,2019-08-31,2020-11-30,-0.0291592197,0.1023862295,43.7500000000,0.0000000000,0.0000000000,0.0000000000,0
2020-11-30,short_reversal_component,Short Reversal,0,INSUFFICIENT_HISTORY,16,2019-08-31,2020-11-30,-0.0135612248,0.0847450883,43.7500000000,0.0000000000,0.0000000000,0.0000000000,0
2020-12-31,turnover_stability_component,Turnover Stability,0,INSUFFICIENT_HISTORY,17,2019-08-31,2020-12-31,0.0245117251,0.0691900227,70.5882352941,0.0000000000,0.0000000000,0.0000000000,0
2020-12-31,low_risk_component,Low Risk,0,INSUFFICIENT_HISTORY,17,2019-08-31,2020-12-31,-0.0093427109,0.0946062012,35.2941176471,0.0000000000,0.0000000000,0.0000000000,0
2020-12-31,long_momentum_component,12-1 Momentum,0,INSUFFICIENT_HISTORY,11,2020-02-29,2020-12-31,0.0733562652,0.1059712650,90.9090909091,0.0000000000,0.0000000000,0.0000000000,0
2020-12-31,value_component,Value,0,INSUFFICIENT_HISTORY,17,2019-08-31,2020-12-31,-0.0537917239,0.1252865743,41.1764705882,0.0000000000,0.0000000000,0.0000000000,0
2020-12-31,short_reversal_component,Short Reversal,0,INSUFFICIENT_HISTORY,17,2019-08-31,2020-12-31,-0.0027930245,0.0878259207,47.0588235294,0.0000000000,0.0000000000,0.0000000000,0
2021-01-31,turnover_stability_component,Turnover Stability,0,INSUFFICIENT_HISTORY,18,2019-08-31,2021-01-31,0.0138113041,0.0746719670,66.6666666667,0.0000000000,0.0000000000,0.0000000000,0
2021-01-31,low_risk_component,Low Risk,0,INSUFFICIENT_HISTORY,18,2019-08-31,2021-01-31,-0.0117062259,0.0907303898,33.3333333333,0.0000000000,0.0000000000,0.0000000000,0
2021-01-31,long_momentum_component,12-1 Momentum,0,INSUFFICIENT_HISTORY,12,2020-02-29,2021-01-31,0.0894974557,0.1096805421,91.6666666667,0.0000000000,0.0000000000,0.0000000000,0
2021-01-31,value_component,Value,0,INSUFFICIENT_HISTORY,18,2019-08-31,2021-01-31,-0.0627947849,0.1232332404,38.8888888889,0.0000000000,0.0000000000,0.0000000000,0
2021-01-31,short_reversal_component,Short Reversal,0,INSUFFICIENT_HISTORY,18,2019-08-31,2021-01-31,-0.0128925534,0.0900917644,44.4444444444,0.0000000000,0.0000000000,0.0000000000,0
2021-02-28,turnover_stability_component,Turnover Stability,0,INSUFFICIENT_HISTORY,19,2019-08-31,2021-02-28,0.0099906232,0.0725596756,63.1578947368,0.0000000000,0.0000000000,0.0000000000,0
2021-02-28,low_risk_component,Low Risk,0,INSUFFICIENT_HISTORY,19,2019-08-31,2021-02-28,0.0030837841,0.0995822658,36.8421052632,0.0000000000,0.0000000000,0.0000000000,0
2021-02-28,long_momentum_component,12-1 Momentum,0,INSUFFICIENT_HISTORY,13,2020-02-29,2021-02-28,0.0524619797,0.1492804288,84.6153846154,0.0000000000,0.0000000000,0.0000000000,0
2021-02-28,value_component,Value,0,INSUFFICIENT_HISTORY,19,2019-08-31,2021-02-28,-0.0304220538,0.1590607934,42.1052631579,0.0000000000,0.0000000000,0.0000000000,0
2021-02-28,short_reversal_component,Short Reversal,0,INSUFFICIENT_HISTORY,19,2019-08-31,2021-02-28,-0.0081880242,0.0875981362,47.3684210526,0.0000000000,0.0000000000,0.0000000000,0
2021-03-31,turnover_stability_component,Turnover Stability,0,INSUFFICIENT_HISTORY,20,2019-08-31,2021-03-31,0.0202126690,0.0774878105,65.0000000000,0.0000000000,0.0000000000,0.0000000000,0
2021-03-31,low_risk_component,Low Risk,0,INSUFFICIENT_HISTORY,20,2019-08-31,2021-03-31,0.0156277329,0.1042461471,40.0000000000,0.0000000000,0.0000000000,0.0000000000,0
2021-03-31,long_momentum_component,12-1 Momentum,0,INSUFFICIENT_HISTORY,14,2020-02-29,2021-03-31,0.0473100249,0.1423549965,85.7142857143,0.0000000000,0.0000000000,0.0000000000,0
2021-03-31,value_component,Value,0,INSUFFICIENT_HISTORY,20,2019-08-31,2021-03-31,-0.0130248786,0.1631525670,45.0000000000,0.0000000000,0.0000000000,0.0000000000,0
2021-03-31,short_reversal_component,Short Reversal,0,INSUFFICIENT_HISTORY,20,2019-08-31,2021-03-31,-0.0017023638,0.0866951873,50.0000000000,0.0000000000,0.0000000000,0.0000000000,0
2021-04-30,turnover_stability_component,Turnover Stability,0,INSUFFICIENT_HISTORY,21,2019-08-31,2021-04-30,0.0205982946,0.0743404029,66.6666666667,0.0000000000,0.0000000000,0.0000000000,0
2021-04-30,low_risk_component,Low Risk,0,INSUFFICIENT_HISTORY,21,2019-08-31,2021-04-30,0.0021108393,0.1100184795,38.0952380952,0.0000000000,0.0000000000,0.0000000000,0
2021-04-30,long_momentum_component,12-1 Momentum,0,INSUFFICIENT_HISTORY,15,2020-02-29,2021-04-30,0.0647908955,0.1454381563,86.6666666667,0.0000000000,0.0000000000,0.0000000000,0
2021-04-30,value_component,Value,0,INSUFFICIENT_HISTORY,21,2019-08-31,2021-04-30,-0.0305314750,0.1674017934,42.8571428571,0.0000000000,0.0000000000,0.0000000000,0
2021-04-30,short_reversal_component,Short Reversal,0,INSUFFICIENT_HISTORY,21,2019-08-31,2021-04-30,-0.0097483492,0.0875301161,47.6190476190,0.0000000000,0.0000000000,0.0000000000,0
2021-05-31,turnover_stability_component,Turnover Stability,0,INSUFFICIENT_HISTORY,22,2019-08-31,2021-05-31,0.0071842431,0.0849806193,63.6363636364,0.0000000000,0.0000000000,0.0000000000,0
2021-05-31,low_risk_component,Low Risk,0,INSUFFICIENT_HISTORY,22,2019-08-31,2021-05-31,-0.0134604025,0.1184272071,36.3636363636,0.0000000000,0.0000000000,0.0000000000,0
2021-05-31,long_momentum_component,12-1 Momentum,0,INSUFFICIENT_HISTORY,16,2020-02-29,2021-05-31,0.0659852630,0.1385563128,87.5000000000,0.0000000000,0.0000000000,0.0000000000,0
2021-05-31,value_component,Value,0,INSUFFICIENT_HISTORY,22,2019-08-31,2021-05-31,-0.0421118447,0.1655952130,40.9090909091,0.0000000000,0.0000000000,0.0000000000,0
2021-05-31,short_reversal_component,Short Reversal,0,INSUFFICIENT_HISTORY,22,2019-08-31,2021-05-31,-0.0098412097,0.0840468833,45.4545454545,0.0000000000,0.0000000000,0.0000000000,0
2021-06-30,turnover_stability_component,Turnover Stability,0,INSUFFICIENT_HISTORY,23,2019-08-31,2021-06-30,0.0066558971,0.0816928599,65.2173913043,0.0000000000,0.0000000000,0.0000000000,0
2021-06-30,low_risk_component,Low Risk,0,INSUFFICIENT_HISTORY,23,2019-08-31,2021-06-30,-0.0139353157,0.1138286323,34.7826086957,0.0000000000,0.0000000000,0.0000000000,0
2021-06-30,long_momentum_component,12-1 Momentum,0,INSUFFICIENT_HISTORY,17,2020-02-29,2021-06-30,0.0610247193,0.1331338629,88.2352941176,0.0000000000,0.0000000000,0.0000000000,0
2021-06-30,value_component,Value,0,INSUFFICIENT_HISTORY,23,2019-08-31,2021-06-30,-0.0491798660,0.1610359229,39.1304347826,0.0000000000,0.0000000000,0.0000000000,0
2021-06-30,short_reversal_component,Short Reversal,0,INSUFFICIENT_HISTORY,23,2019-08-31,2021-06-30,-0.0124172506,0.0812702345,43.4782608696,0.0000000000,0.0000000000,0.0000000000,0
2021-07-31,turnover_stability_component,Turnover Stability,0,INSUFFICIENT_HISTORY,24,2019-08-31,2021-07-31,0.0088388129,0.0789506861,66.6666666667,0.1119535919,0.0000000000,0.0000000000,0
2021-07-31,low_risk_component,Low Risk,0,INSUFFICIENT_HISTORY,24,2019-08-31,2021-07-31,-0.0125932137,0.1095883287,37.5000000000,0.0000000000,0.0000000000,0.0000000000,0
2021-07-31,long_momentum_component,12-1 Momentum,0,INSUFFICIENT_HISTORY,18,2020-02-29,2021-07-31,0.0563272227,0.1281320896,88.8888888889,0.0000000000,0.0000000000,0.0000000000,0
2021-07-31,value_component,Value,0,INSUFFICIENT_HISTORY,24,2019-08-31,2021-07-31,-0.0436056841,0.1561283350,41.6666666667,0.0000000000,0.0000000000,0.0000000000,0
2021-07-31,short_reversal_component,Short Reversal,0,INSUFFICIENT_HISTORY,24,2019-08-31,2021-07-31,-0.0095716292,0.0788079374,45.8333333333,0.0000000000,0.0000000000,0.0000000000,0
2021-08-31,turnover_stability_component,Turnover Stability,0,INSUFFICIENT_HISTORY,25,2019-08-31,2021-08-31,0.0157389927,0.0798489166,68.0000000000,0.1971096584,0.0000000000,0.0000000000,0
2021-08-31,low_risk_component,Low Risk,0,INSUFFICIENT_HISTORY,25,2019-08-31,2021-08-31,-0.0066871528,0.1075515400,40.0000000000,0.0000000000,0.0000000000,0.0000000000,0
2021-08-31,long_momentum_component,12-1 Momentum,0,INSUFFICIENT_HISTORY,19,2020-02-29,2021-08-31,0.0563536977,0.1226167423,89.4736842105,0.0000000000,0.0000000000,0.0000000000,0
2021-08-31,value_component,Value,0,INSUFFICIENT_HISTORY,25,2019-08-31,2021-08-31,-0.0298774494,0.1579951589,44.0000000000,0.0000000000,0.0000000000,0.0000000000,0
2021-08-31,short_reversal_component,Short Reversal,0,INSUFFICIENT_HISTORY,25,2019-08-31,2021-08-31,-0.0081608426,0.0760234027,48.0000000000,0.0000000000,0.0000000000,0.0000000000,0
2021-09-30,turnover_stability_component,Turnover Stability,0,INSUFFICIENT_HISTORY,26,2019-08-31,2021-09-30,0.0170190719,0.0770487813,69.2307692308,0.2208869711,0.0000000000,0.0000000000,0
2021-09-30,low_risk_component,Low Risk,0,INSUFFICIENT_HISTORY,26,2019-08-31,2021-09-30,0.0015052189,0.1076774154,42.3076923077,0.0139789659,0.0000000000,0.0000000000,0
2021-09-30,long_momentum_component,12-1 Momentum,0,INSUFFICIENT_HISTORY,20,2020-02-29,2021-09-30,0.0374204960,0.1334903149,85.0000000000,0.0000000000,0.0000000000,0.0000000000,0
2021-09-30,value_component,Value,0,INSUFFICIENT_HISTORY,26,2019-08-31,2021-09-30,-0.0182538772,0.1577844953,46.1538461538,0.0000000000,0.0000000000,0.0000000000,0
2021-09-30,short_reversal_component,Short Reversal,0,INSUFFICIENT_HISTORY,26,2019-08-31,2021-09-30,-0.0029292262,0.0755903180,50.0000000000,0.0000000000,0.0000000000,0.0000000000,0
2021-10-31,turnover_stability_component,Turnover Stability,0,INSUFFICIENT_HISTORY,27,2019-08-31,2021-10-31,0.0207409022,0.0754698735,70.3703703704,0.2748235980,0.0000000000,0.0000000000,0
2021-10-31,low_risk_component,Low Risk,0,INSUFFICIENT_HISTORY,27,2019-08-31,2021-10-31,-0.0043508755,0.1059185443,40.7407407407,0.0000000000,0.0000000000,0.0000000000,0
2021-10-31,long_momentum_component,12-1 Momentum,0,INSUFFICIENT_HISTORY,21,2020-02-29,2021-10-31,0.0485320850,0.1334868247,85.7142857143,0.0000000000,0.0000000000,0.0000000000,0
2021-10-31,value_component,Value,0,INSUFFICIENT_HISTORY,27,2019-08-31,2021-10-31,-0.0252906978,0.1541881011,44.4444444444,0.0000000000,0.0000000000,0.0000000000,0
2021-10-31,short_reversal_component,Short Reversal,0,INSUFFICIENT_HISTORY,27,2019-08-31,2021-10-31,0.0015310336,0.0746182333,51.8518518519,0.0205182230,0.0000000000,0.0000000000,0
2021-11-30,turnover_stability_component,Turnover Stability,0,INSUFFICIENT_HISTORY,28,2019-08-31,2021-11-30,0.0160922072,0.0747256121,67.8571428571,0.2153506236,0.0000000000,0.0000000000,0
2021-11-30,low_risk_component,Low Risk,0,INSUFFICIENT_HISTORY,28,2019-08-31,2021-11-30,-0.0010745160,0.1028386303,42.8571428571,0.0000000000,0.0000000000,0.0000000000,0
2021-11-30,long_momentum_component,12-1 Momentum,0,INSUFFICIENT_HISTORY,22,2020-02-29,2021-11-30,0.0354132596,0.1358762160,81.8181818182,0.0000000000,0.0000000000,0.0000000000,0
2021-11-30,value_component,Value,0,INSUFFICIENT_HISTORY,28,2019-08-31,2021-11-30,-0.0194858337,0.1501894915,46.4285714286,0.0000000000,0.0000000000,0.0000000000,0
2021-11-30,short_reversal_component,Short Reversal,0,INSUFFICIENT_HISTORY,28,2019-08-31,2021-11-30,0.0096073118,0.0777453725,53.5714285714,0.1235740658,0.0000000000,0.0000000000,0
2021-12-31,turnover_stability_component,Turnover Stability,0,INSUFFICIENT_HISTORY,29,2019-08-31,2021-12-31,0.0219767795,0.0752667803,68.9655172414,0.2919851146,0.0000000000,0.0000000000,0
2021-12-31,low_risk_component,Low Risk,0,INSUFFICIENT_HISTORY,29,2019-08-31,2021-12-31,0.0128843917,0.1116783592,44.8275862069,0.1153705315,0.0000000000,0.0000000000,0
2021-12-31,long_momentum_component,12-1 Momentum,0,INSUFFICIENT_HISTORY,23,2020-02-29,2021-12-31,0.0172795172,0.1450207166,78.2608695652,0.0000000000,0.0000000000,0.0000000000,0
2021-12-31,value_component,Value,0,INSUFFICIENT_HISTORY,29,2019-08-31,2021-12-31,-0.0010080943,0.1600050463,48.2758620690,0.0000000000,0.0000000000,0.0000000000,0
2021-12-31,short_reversal_component,Short Reversal,0,INSUFFICIENT_HISTORY,29,2019-08-31,2021-12-31,0.0215899413,0.0869623835,55.1724137931,0.2482675892,0.0000000000,0.0000000000,0
2022-01-31,turnover_stability_component,Turnover Stability,1,ROLLING_IC_WEIGHT,30,2019-08-31,2022-01-31,0.0278965657,0.0758802740,70.0000000000,0.3676392321,0.3500000000,0.3500000000,0
2022-01-31,low_risk_component,Low Risk,1,ROLLING_IC_WEIGHT,30,2019-08-31,2022-01-31,0.0248190444,0.1164838151,46.6666666667,0.2130686089,0.2542835409,0.2542835409,0
2022-01-31,long_momentum_component,12-1 Momentum,1,ROLLING_IC_WEIGHT,24,2020-02-29,2022-01-31,0.0100717852,0.1417724821,75.0000000000,0.0710418911,0.0847838812,0.0847838812,0
2022-01-31,value_component,Value,1,ROLLING_IC_WEIGHT,30,2019-08-31,2022-01-31,0.0107665581,0.1604713181,50.0000000000,0.0670933486,0.0800715523,0.0800715523,0
2022-01-31,short_reversal_component,Short Reversal,1,ROLLING_IC_WEIGHT,30,2019-08-31,2022-01-31,0.0166226571,0.0859307506,53.3333333333,0.1934424753,0.2308610256,0.2308610256,0
2022-02-28,turnover_stability_component,Turnover Stability,1,ROLLING_IC_WEIGHT,31,2019-08-31,2022-02-28,0.0151409216,0.0873068568,67.7419354839,0.1734219070,0.2836860506,0.3301058152,0
2022-02-28,low_risk_component,Low Risk,1,ROLLING_IC_WEIGHT,31,2019-08-31,2022-02-28,0.0080715949,0.1285979215,45.1612903226,0.0627661381,0.1026737518,0.2088006042,0
2022-02-28,long_momentum_component,12-1 Momentum,1,ROLLING_IC_WEIGHT,25,2020-02-29,2022-02-28,0.0246776319,0.1459919373,76.0000000000,0.1690342106,0.2765085936,0.1423012949,0
2022-02-28,value_component,Value,1,ROLLING_IC_WEIGHT,31,2019-08-31,2022-02-28,0.0017496633,0.1585619691,48.3870967742,0.0110345708,0.0180505097,0.0614652395,0
2022-02-28,short_reversal_component,Short Reversal,1,ROLLING_IC_WEIGHT,31,2019-08-31,2022-02-28,0.0161902248,0.0830014790,54.8387096774,0.1950594741,0.3190810942,0.2573270462,0
2022-03-31,turnover_stability_component,Turnover Stability,1,ROLLING_IC_WEIGHT,32,2019-08-31,2022-03-31,0.0117281867,0.0853105057,65.6250000000,0.1374764641,0.2042353290,0.2923446693,0
2022-03-31,low_risk_component,Low Risk,1,ROLLING_IC_WEIGHT,32,2019-08-31,2022-03-31,0.0122344623,0.1252140288,46.8750000000,0.0977083993,0.1451558069,0.1897071650,0
2022-03-31,long_momentum_component,12-1 Momentum,1,ROLLING_IC_WEIGHT,26,2020-02-29,2022-03-31,0.0266710644,0.1408037042,76.9230769231,0.1894201901,0.2814030393,0.1840318182,0
2022-03-31,value_component,Value,1,ROLLING_IC_WEIGHT,32,2019-08-31,2022-03-31,0.0086158119,0.1553304690,50.0000000000,0.0554676230,0.0824028193,0.0677465135,0
2022-03-31,short_reversal_component,Short Reversal,1,ROLLING_IC_WEIGHT,32,2019-08-31,2022-03-31,0.0154892108,0.0802320903,56.2500000000,0.1930550571,0.2868030054,0.2661698340,0
2022-04-30,turnover_stability_component,Turnover Stability,1,ROLLING_IC_WEIGHT,33,2019-08-31,2022-04-30,0.0179371682,0.0856989178,66.6666666667,0.2093044887,0.2918938983,0.2922094380,0
2022-04-30,low_risk_component,Low Risk,1,ROLLING_IC_WEIGHT,33,2019-08-31,2022-04-30,0.0180507974,0.1229807144,48.4848484848,0.1467774643,0.2046943499,0.1942033205,0
2022-04-30,long_momentum_component,12-1 Momentum,1,ROLLING_IC_WEIGHT,27,2020-02-29,2022-04-30,0.0220445733,0.1367353410,74.0740740741,0.1612207436,0.2248367994,0.1962733126,0
2022-04-30,value_component,Value,1,ROLLING_IC_WEIGHT,33,2019-08-31,2022-04-30,0.0095816951,0.1501670730,51.5151515152,0.0638068979,0.0889844470,0.0741178935,0
2022-04-30,short_reversal_component,Short Reversal,1,ROLLING_IC_WEIGHT,33,2019-08-31,2022-04-30,0.0108101612,0.0795173794,54.5454545455,0.1359471506,0.1895905053,0.2431960354,0
2022-05-31,turnover_stability_component,Turnover Stability,1,ROLLING_IC_WEIGHT,34,2019-08-31,2022-05-31,0.0181697280,0.0828589170,67.6470588235,0.2192851256,0.3500000000,0.3095466066,0
2022-05-31,low_risk_component,Low Risk,1,ROLLING_IC_WEIGHT,34,2019-08-31,2022-05-31,0.0091466498,0.1235798739,47.0588235294,0.0740140728,0.1450156177,0.1794470096,0
2022-05-31,long_momentum_component,12-1 Momentum,1,ROLLING_IC_WEIGHT,28,2020-02-29,2022-05-31,0.0229331514,0.1319011803,75.0000000000,0.1738661580,0.3406555987,0.2395879984,0
2022-05-31,value_component,Value,1,ROLLING_IC_WEIGHT,34,2019-08-31,2022-05-31,-0.0005906861,0.1501980637,50.0000000000,0.0000000000,0.0000000000,0.0518825255,0
2022-05-31,short_reversal_component,Short Reversal,1,ROLLING_IC_WEIGHT,34,2019-08-31,2022-05-31,0.0065857433,0.0785220508,52.9411764706,0.0838712598,0.1643287835,0.2195358598,0
2022-06-30,turnover_stability_component,Turnover Stability,1,ROLLING_IC_WEIGHT,35,2019-08-31,2022-06-30,0.0094208632,0.0867644142,65.7142857143,0.1085798049,0.3395448766,0.3185460876,0
2022-06-30,low_risk_component,Low Risk,1,ROLLING_IC_WEIGHT,35,2019-08-31,2022-06-30,-0.0033997629,0.1286848654,45.7142857143,0.0000000000,0.0000000000,0.1256129068,0
2022-06-30,long_momentum_component,12-1 Momentum,1,ROLLING_IC_WEIGHT,29,2020-02-29,2022-06-30,0.0153578033,0.1302689469,72.4137931034,0.1178930487,0.3500000000,0.2727115989,0
2022-06-30,value_component,Value,1,ROLLING_IC_WEIGHT,35,2019-08-31,2022-06-30,-0.0094423823,0.1491066819,48.5714285714,0.0000000000,0.0000000000,0.0363177678,0
2022-06-30,short_reversal_component,Short Reversal,1,ROLLING_IC_WEIGHT,35,2019-08-31,2022-06-30,0.0075478404,0.0760277265,54.2857142857,0.0992774713,0.3104551234,0.2468116389,0
2022-07-31,turnover_stability_component,Turnover Stability,1,ROLLING_IC_WEIGHT,36,2019-08-31,2022-07-31,0.0136101843,0.0854473336,66.6666666667,0.1592815568,0.3000000000,0.3129822613,0
2022-07-31,low_risk_component,Low Risk,1,ROLLING_IC_WEIGHT,36,2019-08-31,2022-07-31,-0.0007388483,0.1249035353,47.2222222222,0.0000000000,0.0000000000,0.0879290347,0
2022-07-31,long_momentum_component,12-1 Momentum,1,ROLLING_IC_WEIGHT,30,2020-02-29,2022-07-31,0.0243687361,0.1300875746,73.3333333333,0.1873256240,0.3500000000,0.2958981192,0
2022-07-31,value_component,Value,1,ROLLING_IC_WEIGHT,36,2019-08-31,2022-07-31,-0.0056652271,0.1449650437,50.0000000000,0.0000000000,0.0000000000,0.0254224375,0
2022-07-31,short_reversal_component,Short Reversal,1,ROLLING_IC_WEIGHT,36,2019-08-31,2022-07-31,0.0239146334,0.0965282594,55.5555555556,0.2477474834,0.3500000000,0.2777681472,0
2022-08-31,turnover_stability_component,Turnover Stability,1,ROLLING_IC_WEIGHT,36,2019-09-30,2022-08-31,0.0197105662,0.0848503183,69.4444444444,0.2322980822,0.2779738013,0.3024797233,0
2022-08-31,low_risk_component,Low Risk,1,ROLLING_IC_WEIGHT,36,2019-09-30,2022-08-31,0.0102935339,0.1260572870,50.0000000000,0.0816575870,0.0977135482,0.0908643888,0
2022-08-31,long_momentum_component,12-1 Momentum,1,ROLLING_IC_WEIGHT,31,2020-02-29,2022-08-31,0.0296014738,0.1271292021,74.1935483871,0.2328455881,0.2786289607,0.2907173717,0
2022-08-31,value_component,Value,1,ROLLING_IC_WEIGHT,36,2019-09-30,2022-08-31,0.0033554974,0.1411926808,52.7777777778,0.0237653775,0.0284382560,0.0263271830,0
2022-08-31,short_reversal_component,Short Reversal,1,ROLLING_IC_WEIGHT,36,2019-09-30,2022-08-31,0.0246491104,0.0929745556,58.3333333333,0.2651167323,0.3172454338,0.2896113332,0
2022-09-30,turnover_stability_component,Turnover Stability,1,ROLLING_IC_WEIGHT,36,2019-10-31,2022-09-30,0.0229212833,0.0825055040,72.2222222222,0.2778152024,0.3170748552,0.3068582629,0
2022-09-30,low_risk_component,Low Risk,1,ROLLING_IC_WEIGHT,36,2019-10-31,2022-09-30,0.0187897691,0.1263727258,52.7777777778,0.1486853192,0.1696968908,0.1145141394,0
2022-09-30,long_momentum_component,12-1 Momentum,1,ROLLING_IC_WEIGHT,32,2020-02-29,2022-09-30,0.0315226459,0.1230320725,75.0000000000,0.2562148656,0.2924220514,0.2912287756,0
2022-09-30,value_component,Value,1,ROLLING_IC_WEIGHT,36,2019-10-31,2022-09-30,0.0032184542,0.1370642510,52.7777777778,0.0234813537,0.0267996379,0.0264689195,0
2022-09-30,short_reversal_component,Short Reversal,1,ROLLING_IC_WEIGHT,36,2019-10-31,2022-09-30,0.0159711702,0.0939563438,55.5555555556,0.1699850120,0.1940065648,0.2609299027,0
2022-10-31,turnover_stability_component,Turnover Stability,1,ROLLING_IC_WEIGHT,36,2019-11-30,2022-10-31,0.0232694038,0.0800852039,72.2222222222,0.2905580885,0.3101744021,0.3078531046,0
2022-10-31,low_risk_component,Low Risk,1,ROLLING_IC_WEIGHT,36,2019-11-30,2022-10-31,0.0192695870,0.1227878087,52.7777777778,0.1569340410,0.1675290562,0.1304186144,0
2022-10-31,long_momentum_component,12-1 Momentum,1,ROLLING_IC_WEIGHT,33,2020-02-29,2022-10-31,0.0249881979,0.1214247440,72.7272727273,0.2057916457,0.2196851617,0.2697656914,0
2022-10-31,value_component,Value,1,ROLLING_IC_WEIGHT,36,2019-11-30,2022-10-31,0.0048717648,0.1332020348,55.5555555556,0.0365742520,0.0390434725,0.0302412854,0
2022-10-31,short_reversal_component,Short Reversal,1,ROLLING_IC_WEIGHT,36,2019-11-30,2022-10-31,0.0235550230,0.0954034299,58.3333333333,0.2468991215,0.2635679075,0.2617213041,0
2022-11-30,turnover_stability_component,Turnover Stability,1,ROLLING_IC_WEIGHT,36,2019-12-31,2022-11-30,0.0292158044,0.0815186432,72.2222222222,0.3583941449,0.3372812960,0.3166815621,0
2022-11-30,low_risk_component,Low Risk,1,ROLLING_IC_WEIGHT,36,2019-12-31,2022-11-30,0.0173160951,0.1194077314,50.0000000000,0.1450165322,0.1364736691,0.1322351308,0
2022-11-30,long_momentum_component,12-1 Momentum,1,ROLLING_IC_WEIGHT,34,2020-02-29,2022-11-30,0.0131199271,0.1256903654,70.5882352941,0.1043829176,0.0982337637,0.2183061131,0
2022-11-30,value_component,Value,1,ROLLING_IC_WEIGHT,36,2019-12-31,2022-11-30,0.0154140340,0.1363880532,55.5555555556,0.1130160130,0.1063582870,0.0530763859,0
2022-11-30,short_reversal_component,Short Reversal,1,ROLLING_IC_WEIGHT,36,2019-12-31,2022-11-30,0.0341570623,0.0999365331,61.1111111111,0.3417875452,0.3216529842,0.2797008081,0
2022-12-31,turnover_stability_component,Turnover Stability,1,ROLLING_IC_WEIGHT,36,2020-01-31,2022-12-31,0.0276474133,0.0792941878,72.2222222222,0.3486688508,0.3500000000,0.3266770934,0
2022-12-31,low_risk_component,Low Risk,1,ROLLING_IC_WEIGHT,36,2020-01-31,2022-12-31,0.0190735954,0.1159364512,52.7777777778,0.1645176749,0.1919364473,0.1501455258,0
2022-12-31,long_momentum_component,12-1 Momentum,1,ROLLING_IC_WEIGHT,35,2020-02-29,2022-12-31,0.0048132141,0.1255931315,68.5714285714,0.0383238640,0.0447109789,0.1662275728,0
2022-12-31,value_component,Value,1,ROLLING_IC_WEIGHT,36,2020-01-31,2022-12-31,0.0142281140,0.1323396183,55.5555555556,0.1075121285,0.1254302675,0.0747825504,0
2022-12-31,short_reversal_component,Short Reversal,1,ROLLING_IC_WEIGHT,36,2020-01-31,2022-12-31,0.0253366031,0.1026639489,58.3333333333,0.2467916285,0.2879223063,0.2821672576,0
2023-01-31,turnover_stability_component,Turnover Stability,1,ROLLING_IC_WEIGHT,36,2020-02-29,2023-01-31,0.0243322420,0.0780499317,69.4444444444,0.3117522517,0.3367584032,0.3297014864,0
2023-01-31,low_risk_component,Low Risk,1,ROLLING_IC_WEIGHT,36,2020-02-29,2023-01-31,0.0140717030,0.1144023477,52.7777777778,0.1230018730,0.1328680519,0.1449622836,0
2023-01-31,long_momentum_component,12-1 Momentum,1,ROLLING_IC_WEIGHT,36,2020-02-29,2023-01-31,-0.0086792180,0.1319769113,66.6666666667,0.0000000000,0.0000000000,0.1163593010,0
2023-01-31,value_component,Value,1,ROLLING_IC_WEIGHT,36,2020-02-29,2023-01-31,0.0222066374,0.1309958762,58.3333333333,0.1695216526,0.1831192581,0.1072835627,0
2023-01-31,short_reversal_component,Short Reversal,1,ROLLING_IC_WEIGHT,36,2020-02-29,2023-01-31,0.0339741779,0.1056842289,58.3333333333,0.3214687586,0.3472542869,0.3016933664,0
2023-02-28,turnover_stability_component,Turnover Stability,1,ROLLING_IC_WEIGHT,36,2020-03-31,2023-02-28,0.0431139238,0.1002328945,72.2222222222,0.4301374712,0.3368381967,0.3318424995,0
2023-02-28,low_risk_component,Low Risk,1,ROLLING_IC_WEIGHT,36,2020-03-31,2023-02-28,0.0353786428,0.1365202058,55.5555555556,0.2591458357,0.2029356236,0.1623542856,0
2023-02-28,long_momentum_component,12-1 Momentum,1,ROLLING_IC_WEIGHT,36,2020-03-31,2023-02-28,-0.0059284617,0.1287140210,66.6666666667,0.0000000000,0.0000000000,0.0814515107,0
2023-02-28,value_component,Value,1,ROLLING_IC_WEIGHT,36,2020-03-31,2023-02-28,0.0395645699,0.1421325254,61.1111111111,0.2783639410,0.2179852122,0.1404940575,0
2023-02-28,short_reversal_component,Short Reversal,1,ROLLING_IC_WEIGHT,36,2020-03-31,2023-02-28,0.0318702203,0.1030271128,55.5555555556,0.3093381873,0.2422409675,0.2838576467,0
2023-03-31,turnover_stability_component,Turnover Stability,1,ROLLING_IC_WEIGHT,36,2020-04-30,2023-03-31,0.0495903960,0.1007524092,72.2222222222,0.4922005968,0.3425196003,0.3350456297,0
2023-03-31,low_risk_component,Low Risk,1,ROLLING_IC_WEIGHT,36,2020-04-30,2023-03-31,0.0456408773,0.1391362705,55.5555555556,0.3280300465,0.2282742465,0.1821302739,0
2023-03-31,long_momentum_component,12-1 Momentum,1,ROLLING_IC_WEIGHT,36,2020-04-30,2023-03-31,-0.0056012355,0.1250332898,66.6666666667,0.0000000000,0.0000000000,0.0570160575,0
2023-03-31,value_component,Value,1,ROLLING_IC_WEIGHT,36,2020-04-30,2023-03-31,0.0527413900,0.1465343035,61.1111111111,0.3599252103,0.2504699099,0.1734868133,0
2023-03-31,short_reversal_component,Short Reversal,1,ROLLING_IC_WEIGHT,36,2020-04-30,2023-03-31,0.0262740290,0.1022956914,55.5555555556,0.2568439457,0.1787362433,0.2523212257,0
2023-04-30,turnover_stability_component,Turnover Stability,1,ROLLING_IC_WEIGHT,36,2020-05-31,2023-04-30,0.0438297749,0.1006941590,72.2222222222,0.4352762396,0.2968662022,0.3235918014,0
2023-04-30,low_risk_component,Low Risk,1,ROLLING_IC_WEIGHT,36,2020-05-31,2023-04-30,0.0463759636,0.1325943952,58.3333333333,0.3497580992,0.2385412966,0.1990535807,0
2023-04-30,long_momentum_component,12-1 Momentum,1,ROLLING_IC_WEIGHT,36,2020-05-31,2023-04-30,0.0033561411,0.1264623277,66.6666666667,0.0265386629,0.0180998441,0.0453411935,0
2023-04-30,value_component,Value,1,ROLLING_IC_WEIGHT,36,2020-05-31,2023-04-30,0.0595298903,0.1418197004,63.8888888889,0.4197575525,0.2862821792,0.2073254231,0
2023-04-30,short_reversal_component,Short Reversal,1,ROLLING_IC_WEIGHT,36,2020-05-31,2023-04-30,0.0234493221,0.0998240470,55.5555555556,0.2349065467,0.1602104779,0.2246880013,0
2023-05-31,turnover_stability_component,Turnover Stability,1,ROLLING_IC_WEIGHT,36,2020-06-30,2023-05-31,0.0455133817,0.0979958038,72.2222222222,0.4644421490,0.2902382820,0.3135857456,0
2023-05-31,low_risk_component,Low Risk,1,ROLLING_IC_WEIGHT,36,2020-06-30,2023-05-31,0.0478716541,0.1287807786,61.1111111111,0.3717298078,0.2323006666,0.2090277065,0
2023-05-31,long_momentum_component,12-1 Momentum,1,ROLLING_IC_WEIGHT,36,2020-06-30,2023-05-31,0.0114651864,0.1267247718,66.6666666667,0.0904731270,0.0565382901,0.0487003225,0
2023-05-31,value_component,Value,1,ROLLING_IC_WEIGHT,36,2020-06-30,2023-05-31,0.0634756169,0.1365838118,66.6666666667,0.4647374828,0.2904228414,0.2322546486,0
2023-05-31,short_reversal_component,Short Reversal,1,ROLLING_IC_WEIGHT,36,2020-06-30,2023-05-31,0.0203818758,0.0976016082,55.5555555556,0.2088272534,0.1304999199,0.1964315769,0
2023-06-30,turnover_stability_component,Turnover Stability,1,ROLLING_IC_WEIGHT,36,2020-07-31,2023-06-30,0.0427547967,0.0958660872,69.4444444444,0.4459845809,0.2717900090,0.3010470246,0
2023-06-30,low_risk_component,Low Risk,1,ROLLING_IC_WEIGHT,36,2020-07-31,2023-06-30,0.0448251006,0.1256023942,61.1111111111,0.3568809407,0.2174888511,0.2115660498,0
2023-06-30,long_momentum_component,12-1 Momentum,1,ROLLING_IC_WEIGHT,36,2020-07-31,2023-06-30,0.0119819608,0.1227960131,66.6666666667,0.0975761383,0.0594644314,0.0519295551,0
2023-06-30,value_component,Value,1,ROLLING_IC_WEIGHT,36,2020-07-31,2023-06-30,0.0621071707,0.1325192952,69.4444444444,0.4686651151,0.2856118828,0.2482618188,0
2023-06-30,short_reversal_component,Short Reversal,1,ROLLING_IC_WEIGHT,36,2020-07-31,2023-06-30,0.0265577384,0.0977072653,55.5555555556,0.2718092486,0.1656448256,0.1871955515,0
2023-07-31,turnover_stability_component,Turnover Stability,1,ROLLING_IC_WEIGHT,36,2020-08-31,2023-07-31,0.0412073169,0.0932847157,69.4444444444,0.4417370694,0.2522269739,0.2864010094,0
2023-07-31,low_risk_component,Low Risk,1,ROLLING_IC_WEIGHT,36,2020-08-31,2023-07-31,0.0471241082,0.1221007591,63.8888888889,0.3859444324,0.2203699962,0.2142072337,0
2023-07-31,long_momentum_component,12-1 Momentum,1,ROLLING_IC_WEIGHT,36,2020-08-31,2023-07-31,0.0051854409,0.1219549603,63.8888888889,0.0425193111,0.0242780557,0.0436341053,0
2023-07-31,value_component,Value,1,ROLLING_IC_WEIGHT,36,2020-08-31,2023-07-31,0.0700167619,0.1305538826,72.2222222222,0.5363054746,0.3062244859,0.2656506189,0
2023-07-31,short_reversal_component,Short Reversal,1,ROLLING_IC_WEIGHT,36,2020-08-31,2023-07-31,0.0339006894,0.0983081266,58.3333333333,0.3448411695,0.1969004883,0.1901070326,0
2023-08-31,turnover_stability_component,Turnover Stability,1,ROLLING_IC_WEIGHT,36,2020-09-30,2023-08-31,0.0478969560,0.0946894523,69.4444444444,0.5058320102,0.2540863972,0.2767066258,0
2023-08-31,low_risk_component,Low Risk,1,ROLLING_IC_WEIGHT,36,2020-09-30,2023-08-31,0.0532296403,0.1211932955,63.8888888889,0.4392127472,0.2206226223,0.2161318503,0
2023-08-31,long_momentum_component,12-1 Momentum,1,ROLLING_IC_WEIGHT,36,2020-09-30,2023-08-31,0.0174067623,0.1273134030,63.8888888889,0.1367237221,0.0686782119,0.0511473373,0
2023-08-31,value_component,Value,1,ROLLING_IC_WEIGHT,36,2020-09-30,2023-08-31,0.0661575066,0.1275039970,72.2222222222,0.5188661391,0.2606336199,0.2641455192,0
2023-08-31,short_reversal_component,Short Reversal,1,ROLLING_IC_WEIGHT,36,2020-09-30,2023-08-31,0.0377734296,0.0968170081,58.3333333333,0.3901528293,0.1959791487,0.1918686674,0
2023-09-30,turnover_stability_component,Turnover Stability,1,ROLLING_IC_WEIGHT,36,2020-10-31,2023-09-30,0.0436050826,0.0934729215,66.6666666667,0.4664996226,0.2306252558,0.2628822148,0
2023-09-30,low_risk_component,Low Risk,1,ROLLING_IC_WEIGHT,36,2020-10-31,2023-09-30,0.0568488412,0.1181974077,66.6666666667,0.4809652114,0.2377766659,0.2226252950,0
2023-09-30,long_momentum_component,12-1 Momentum,1,ROLLING_IC_WEIGHT,36,2020-10-31,2023-09-30,0.0231528875,0.1258997887,63.8888888889,0.1838993356,0.0909150388,0.0630776478,0
2023-09-30,value_component,Value,1,ROLLING_IC_WEIGHT,36,2020-10-31,2023-09-30,0.0712841058,0.1244807466,75.0000000000,0.5726516572,0.2831040552,0.2698330800,0
2023-09-30,short_reversal_component,Short Reversal,1,ROLLING_IC_WEIGHT,36,2020-10-31,2023-09-30,0.0311914038,0.0978570664,58.3333333333,0.3187445211,0.1575789843,0.1815817625,0
2023-10-31,turnover_stability_component,Turnover Stability,1,ROLLING_IC_WEIGHT,36,2020-11-30,2023-10-31,0.0407393242,0.0914591673,63.8888888889,0.4454372965,0.2209607820,0.2503057849,0
2023-10-31,low_risk_component,Low Risk,1,ROLLING_IC_WEIGHT,36,2020-11-30,2023-10-31,0.0598479618,0.1154145142,66.6666666667,0.5185479681,0.2572275951,0.2330059850,0
2023-10-31,long_momentum_component,12-1 Momentum,1,ROLLING_IC_WEIGHT,36,2020-11-30,2023-10-31,0.0203828828,0.1227731876,63.8888888889,0.1660206370,0.0823551374,0.0688608947,0
2023-10-31,value_component,Value,1,ROLLING_IC_WEIGHT,36,2020-11-30,2023-10-31,0.0684538494,0.1214872523,75.0000000000,0.5634652864,0.2795089932,0.2727358540,0
2023-10-31,short_reversal_component,Short Reversal,1,ROLLING_IC_WEIGHT,36,2020-11-30,2023-10-31,0.0306530184,0.0950658271,61.1111111111,0.3224399276,0.1599474923,0.1750914814,0
2023-11-30,turnover_stability_component,Turnover Stability,1,ROLLING_IC_WEIGHT,36,2020-12-31,2023-11-30,0.0441640428,0.0897581730,63.8888888889,0.4920336650,0.2367123424,0.2462277522,0
2023-11-30,low_risk_component,Low Risk,1,ROLLING_IC_WEIGHT,36,2020-12-31,2023-11-30,0.0595163914,0.1120962415,66.6666666667,0.5309401148,0.2554298358,0.2397331402,0
2023-11-30,long_momentum_component,12-1 Momentum,1,ROLLING_IC_WEIGHT,36,2020-12-31,2023-11-30,0.0271384511,0.1219698700,63.8888888889,0.2225012708,0.1070430760,0.0803155491,0
2023-11-30,value_component,Value,1,ROLLING_IC_WEIGHT,36,2020-12-31,2023-11-30,0.0641307206,0.1192440036,72.2222222222,0.5378108641,0.2587352827,0.2685356826,0
2023-11-30,short_reversal_component,Short Reversal,1,ROLLING_IC_WEIGHT,36,2020-12-31,2023-11-30,0.0275166402,0.0931730221,58.3333333333,0.2953284067,0.1420794631,0.1651878759,0
2023-12-31,turnover_stability_component,Turnover Stability,1,ROLLING_IC_WEIGHT,36,2021-01-31,2023-12-31,0.0442044860,0.0871721939,63.8888888889,0.5070938799,0.2412914460,0.2447468603,0
2023-12-31,low_risk_component,Low Risk,1,ROLLING_IC_WEIGHT,36,2021-01-31,2023-12-31,0.0582936059,0.1087525957,69.4444444444,0.5360203633,0.2550555897,0.2443298751,0
2023-12-31,long_momentum_component,12-1 Momentum,1,ROLLING_IC_WEIGHT,36,2021-01-31,2023-12-31,0.0240908950,0.1168851040,63.8888888889,0.2061074865,0.0980725176,0.0856426396,0
2023-12-31,value_component,Value,1,ROLLING_IC_WEIGHT,36,2021-01-31,2023-12-31,0.0672622202,0.1110283002,75.0000000000,0.6058114923,0.2882644354,0.2744543085,0
2023-12-31,short_reversal_component,Short Reversal,1,ROLLING_IC_WEIGHT,36,2021-01-31,2023-12-31,0.0226039836,0.0916814033,55.5555555556,0.2465492759,0.1173160112,0.1508263165,0
2024-01-31,turnover_stability_component,Turnover Stability,1,ROLLING_IC_WEIGHT,36,2021-02-28,2024-01-31,0.0456540922,0.0837138556,66.6666666667,0.5453588518,0.2225122668,0.2380764823,0
2024-01-31,low_risk_component,Low Risk,1,ROLLING_IC_WEIGHT,36,2021-02-28,2024-01-31,0.0677152474,0.1103262305,72.2222222222,0.6137728727,0.2504259219,0.2461586891,0
2024-01-31,long_momentum_component,12-1 Momentum,1,ROLLING_IC_WEIGHT,36,2021-02-28,2024-01-31,0.0357895839,0.1232690417,63.8888888889,0.2903371636,0.1184606800,0.0954880517,0
2024-01-31,value_component,Value,1,ROLLING_IC_WEIGHT,36,2021-02-28,2024-01-31,0.0736454346,0.1073165651,77.7777777778,0.6862447985,0.2799952457,0.2761165896,0
2024-01-31,short_reversal_component,Short Reversal,1,ROLLING_IC_WEIGHT,36,2021-02-28,2024-01-31,0.0283074260,0.0898071942,58.3333333333,0.3152022095,0.1286058856,0.1441601872,0
2024-02-29,turnover_stability_component,Turnover Stability,1,ROLLING_IC_WEIGHT,36,2021-03-31,2024-02-29,0.0368862723,0.0886774397,66.6666666667,0.4159600499,0.2020159509,0.2272583229,0
2024-02-29,low_risk_component,Low Risk,1,ROLLING_IC_WEIGHT,36,2021-03-31,2024-02-29,0.0498230807,0.1251576467,69.4444444444,0.3980825946,0.1933335519,0.2303111479,0
2024-02-29,long_momentum_component,12-1 Momentum,1,ROLLING_IC_WEIGHT,36,2021-03-31,2024-02-29,0.0290175050,0.1220698645,63.8888888889,0.2377122735,0.1154477960,0.1014759750,0
2024-02-29,value_component,Value,1,ROLLING_IC_WEIGHT,36,2021-03-31,2024-02-29,0.0635811616,0.1062712356,75.0000000000,0.5982913556,0.2905673205,0.2804518089,0
2024-02-29,short_reversal_component,Short Reversal,1,ROLLING_IC_WEIGHT,36,2021-03-31,2024-02-29,0.0406567817,0.0994055040,58.3333333333,0.4089993019,0.1986353808,0.1605027453,0
2024-03-31,turnover_stability_component,Turnover Stability,1,ROLLING_IC_WEIGHT,36,2021-04-30,2024-03-31,0.0390700441,0.0864762746,66.6666666667,0.4518007320,0.2097521102,0.2220064591,0
2024-03-31,low_risk_component,Low Risk,1,ROLLING_IC_WEIGHT,36,2021-04-30,2024-03-31,0.0523540074,0.1219288669,69.4444444444,0.4293815629,0.1993438313,0.2210209529,0
2024-03-31,long_momentum_component,12-1 Momentum,1,ROLLING_IC_WEIGHT,36,2021-04-30,2024-03-31,0.0411308454,0.1269531787,63.8888888889,0.3239843680,0.1504123390,0.1161568842,0
2024-03-31,value_component,Value,1,ROLLING_IC_WEIGHT,36,2021-04-30,2024-03-31,0.0606774102,0.1029494962,75.0000000000,0.5893900647,0.2736290604,0.2784049843,0
2024-03-31,short_reversal_component,Short Reversal,1,ROLLING_IC_WEIGHT,36,2021-04-30,2024-03-31,0.0353754413,0.0984242500,55.5555555556,0.3594179410,0.1668626592,0.1624107195,0
2024-04-30,turnover_stability_component,Turnover Stability,1,ROLLING_IC_WEIGHT,36,2021-05-31,2024-04-30,0.0487960906,0.0916683858,66.6666666667,0.5323110057,0.2502533333,0.2304805213,0
2024-04-30,low_risk_component,Low Risk,1,ROLLING_IC_WEIGHT,36,2021-05-31,2024-04-30,0.0611915685,0.1200796413,72.2222222222,0.5095915332,0.2395723147,0.2265863615,0
2024-04-30,long_momentum_component,12-1 Momentum,1,ROLLING_IC_WEIGHT,36,2021-05-31,2024-04-30,0.0452336455,0.1241172572,63.8888888889,0.3644428386,0.1713341151,0.1327100535,0
2024-04-30,value_component,Value,1,ROLLING_IC_WEIGHT,36,2021-05-31,2024-04-30,0.0520314230,0.1054781582,75.0000000000,0.4932909698,0.2319089933,0.2644561870,0
2024-04-30,short_reversal_component,Short Reversal,1,ROLLING_IC_WEIGHT,36,2021-05-31,2024-04-30,0.0241208643,0.1060480464,55.5555555556,0.2274522264,0.1069312436,0.1457668767,0
2024-05-31,turnover_stability_component,Turnover Stability,1,ROLLING_IC_WEIGHT,36,2021-06-30,2024-05-31,0.0535103641,0.0879707553,69.4444444444,0.6082744648,0.2758112474,0.2440797392,0
2024-05-31,low_risk_component,Low Risk,1,ROLLING_IC_WEIGHT,36,2021-06-30,2024-05-31,0.0654704745,0.1145900043,75.0000000000,0.5713454232,0.2590664297,0.2363303820,0
2024-05-31,long_momentum_component,12-1 Momentum,1,ROLLING_IC_WEIGHT,36,2021-06-30,2024-05-31,0.0358920790,0.1254219158,61.1111111111,0.2861707121,0.1297590243,0.1318247447,0
2024-05-31,value_component,Value,1,ROLLING_IC_WEIGHT,36,2021-06-30,2024-05-31,0.0568270158,0.1009230642,77.7777777778,0.5630726366,0.2553152816,0.2617139154,0
2024-05-31,short_reversal_component,Short Reversal,1,ROLLING_IC_WEIGHT,36,2021-06-30,2024-05-31,0.0185991043,0.1053546821,55.5555555556,0.1765379950,0.0800480169,0.1260512187,0
2024-06-30,turnover_stability_component,Turnover Stability,1,ROLLING_IC_WEIGHT,36,2021-07-31,2024-06-30,0.0514060130,0.0858908355,69.4444444444,0.5985040517,0.2667651634,0.2508853664,0
2024-06-30,low_risk_component,Low Risk,1,ROLLING_IC_WEIGHT,36,2021-07-31,2024-06-30,0.0735083781,0.1145187376,77.7777777778,0.6418895255,0.2861029323,0.2512621471,0
2024-06-30,long_momentum_component,12-1 Momentum,1,ROLLING_IC_WEIGHT,36,2021-07-31,2024-06-30,0.0537447783,0.1392157566,61.1111111111,0.3860538465,0.1720718801,0.1438988854,0
2024-06-30,value_component,Value,1,ROLLING_IC_WEIGHT,36,2021-07-31,2024-06-30,0.0556295649,0.0971325252,80.5555555556,0.5727181989,0.2552718958,0.2597813095,0
2024-06-30,short_reversal_component,Short Reversal,1,ROLLING_IC_WEIGHT,36,2021-07-31,2024-06-30,0.0051217417,0.1153652403,55.5555555556,0.0443958829,0.0197881283,0.0941722916,0
2024-07-31,turnover_stability_component,Turnover Stability,1,ROLLING_IC_WEIGHT,36,2021-08-31,2024-07-31,0.0508120252,0.0834801861,69.4444444444,0.6086716813,0.2970240250,0.2647269640,0
2024-07-31,low_risk_component,Low Risk,1,ROLLING_IC_WEIGHT,36,2021-08-31,2024-07-31,0.0735315921,0.1111043937,77.7777777778,0.6618243402,0.3229618453,0.2727720565,0
2024-07-31,long_momentum_component,12-1 Momentum,1,ROLLING_IC_WEIGHT,36,2021-08-31,2024-07-31,0.0346913941,0.1542645364,58.3333333333,0.2248824971,0.1097397932,0.1336511577,0
2024-07-31,value_component,Value,1,ROLLING_IC_WEIGHT,36,2021-08-31,2024-07-31,0.0451690444,0.1028324776,77.7777777778,0.4392488200,0.2143478275,0.2461512649,0
2024-07-31,short_reversal_component,Short Reversal,1,ROLLING_IC_WEIGHT,36,2021-08-31,2024-07-31,0.0133613379,0.1165844740,55.5555555556,0.1146064943,0.0559265089,0.0826985568,0
2024-08-31,turnover_stability_component,Turnover Stability,1,ROLLING_IC_WEIGHT,36,2021-09-30,2024-08-31,0.0543968163,0.0824191838,69.4444444444,0.6600018798,0.2950486187,0.2738234604,0
2024-08-31,low_risk_component,Low Risk,1,ROLLING_IC_WEIGHT,36,2021-09-30,2024-08-31,0.0759030598,0.1083041434,77.7777777778,0.7008324652,0.3133016089,0.2849309223,0
2024-08-31,long_momentum_component,12-1 Momentum,1,ROLLING_IC_WEIGHT,36,2021-09-30,2024-08-31,0.0453154905,0.1554464810,58.3333333333,0.2915182782,0.1303209399,0.1326520924,0
2024-08-31,value_component,Value,1,ROLLING_IC_WEIGHT,36,2021-09-30,2024-08-31,0.0408137227,0.1004162659,75.0000000000,0.4064453337,0.1816981708,0.2268153367,0
2024-08-31,short_reversal_component,Short Reversal,1,ROLLING_IC_WEIGHT,36,2021-09-30,2024-08-31,0.0207946379,0.1167399363,55.5555555556,0.1781278849,0.0796306617,0.0817781883,0
2024-09-30,turnover_stability_component,Turnover Stability,1,ROLLING_IC_WEIGHT,36,2021-10-31,2024-09-30,0.0509168008,0.0812618782,66.6666666667,0.6265767169,0.3430310087,0.2945857249,0
2024-09-30,low_risk_component,Low Risk,1,ROLLING_IC_WEIGHT,36,2021-10-31,2024-09-30,0.0642266268,0.1138589184,75.0000000000,0.5640895564,0.3088212573,0.2920980228,0
2024-09-30,long_momentum_component,12-1 Momentum,1,ROLLING_IC_WEIGHT,36,2021-10-31,2024-09-30,0.0217718599,0.1784661021,58.3333333333,0.1219943709,0.0667880739,0.1128928868,0
2024-09-30,value_component,Value,1,ROLLING_IC_WEIGHT,36,2021-10-31,2024-09-30,0.0394079457,0.0972492032,75.0000000000,0.4052264121,0.2218486917,0.2253253432,0
2024-09-30,short_reversal_component,Short Reversal,1,ROLLING_IC_WEIGHT,36,2021-10-31,2024-09-30,0.0127286249,0.1170964155,52.7777777778,0.1087020887,0.0595109683,0.0750980223,0
2024-10-31,turnover_stability_component,Turnover Stability,1,ROLLING_IC_WEIGHT,36,2021-11-30,2024-10-31,0.0412971142,0.0868111714,63.8888888889,0.4757119800,0.3168425664,0.3012627774,0
2024-10-31,low_risk_component,Low Risk,1,ROLLING_IC_WEIGHT,36,2021-11-30,2024-10-31,0.0612772717,0.1110063408,77.7777777778,0.5520159586,0.3500000000,0.3094686159,0
2024-10-31,long_momentum_component,12-1 Momentum,1,ROLLING_IC_WEIGHT,36,2021-11-30,2024-10-31,0.0071875135,0.1800931461,55.5555555556,0.0399099780,0.0265815880,0.0869994972,0
2024-10-31,value_component,Value,1,ROLLING_IC_WEIGHT,36,2021-11-30,2024-10-31,0.0396009554,0.0935273189,77.7777777778,0.4234159158,0.2820113663,0.2423311501,0
2024-10-31,short_reversal_component,Short Reversal,1,ROLLING_IC_WEIGHT,36,2021-11-30,2024-10-31,0.0043410720,0.1177033593,50.0000000000,0.0368814621,0.0245644793,0.0599379594,0
2024-11-30,turnover_stability_component,Turnover Stability,1,ROLLING_IC_WEIGHT,36,2021-12-31,2024-11-30,0.0415746291,0.0839955906,66.6666666667,0.4949620431,0.3500000000,0.3158839442,0
2024-11-30,low_risk_component,Low Risk,1,ROLLING_IC_WEIGHT,36,2021-12-31,2024-11-30,0.0598348874,0.1080067649,77.7777777778,0.5539920345,0.3500000000,0.3216280312,0
2024-11-30,long_momentum_component,12-1 Momentum,1,ROLLING_IC_WEIGHT,36,2021-12-31,2024-11-30,0.0018452117,0.1763126110,55.5555555556,0.0104655686,0.0077538774,0.0632258113,0
2024-11-30,value_component,Value,1,ROLLING_IC_WEIGHT,36,2021-12-31,2024-11-30,0.0353642184,0.0921788657,75.0000000000,0.3836477929,0.2842423636,0.2549045141,0
2024-11-30,short_reversal_component,Short Reversal,1,ROLLING_IC_WEIGHT,36,2021-12-31,2024-11-30,0.0012336598,0.1141977431,47.2222222222,0.0108028390,0.0080037590,0.0443576993,0
2024-12-31,turnover_stability_component,Turnover Stability,1,ROLLING_IC_WEIGHT,36,2022-01-31,2024-12-31,0.0474310081,0.0849828987,66.6666666667,0.5581241503,0.3090580961,0.3138361897,0
2024-12-31,low_risk_component,Low Risk,1,ROLLING_IC_WEIGHT,36,2022-01-31,2024-12-31,0.0779456254,0.1276546752,77.7777777778,0.6105974991,0.3381149167,0.3265740968,0
2024-12-31,long_momentum_component,12-1 Momentum,1,ROLLING_IC_WEIGHT,36,2022-01-31,2024-12-31,0.0250769281,0.1890489056,58.3333333333,0.1326478352,0.0734529896,0.0662939648,0
2024-12-31,value_component,Value,1,ROLLING_IC_WEIGHT,36,2022-01-31,2024-12-31,0.0409149562,0.0919092876,75.0000000000,0.4451667211,0.2465085576,0.2523857272,0
2024-12-31,short_reversal_component,Short Reversal,1,ROLLING_IC_WEIGHT,36,2022-01-31,2024-12-31,0.0067050256,0.1129718644,47.2222222222,0.0593512870,0.0328654400,0.0409100215,0
2025-01-31,turnover_stability_component,Turnover Stability,1,ROLLING_IC_WEIGHT,36,2022-02-28,2025-01-31,0.0474369411,0.0824039619,66.6666666667,0.5756633540,0.3194887090,0.3155319455,0
2025-01-31,low_risk_component,Low Risk,1,ROLLING_IC_WEIGHT,36,2022-02-28,2025-01-31,0.0775815672,0.1236452822,77.7777777778,0.6274527079,0.3482313999,0.3330712877,0
2025-01-31,long_momentum_component,12-1 Momentum,1,ROLLING_IC_WEIGHT,36,2022-02-28,2025-01-31,0.0300576973,0.1840919514,61.1111111111,0.1632754557,0.0906166151,0.0735907599,0
2025-01-31,value_component,Value,1,ROLLING_IC_WEIGHT,36,2022-02-28,2025-01-31,0.0359475446,0.0897263042,72.2222222222,0.4006355206,0.2223496153,0.2433748936,0
2025-01-31,short_reversal_component,Short Reversal,1,ROLLING_IC_WEIGHT,36,2022-02-28,2025-01-31,0.0038412367,0.1103807668,47.2222222222,0.0347998736,0.0193136607,0.0344311133,0
2025-02-28,turnover_stability_component,Turnover Stability,1,ROLLING_IC_WEIGHT,36,2022-03-31,2025-02-28,0.0490749705,0.0778252863,69.4444444444,0.6305787333,0.3408045910,0.3231137392,0
2025-02-28,low_risk_component,Low Risk,1,ROLLING_IC_WEIGHT,36,2022-03-31,2025-02-28,0.0738931581,0.1194541656,77.7777777778,0.6185900490,0.3343251485,0.3334474460,0
2025-02-28,long_momentum_component,12-1 Momentum,1,ROLLING_IC_WEIGHT,36,2022-03-31,2025-02-28,0.0104366346,0.1910577109,58.3333333333,0.0546255608,0.0295231046,0.0603704633,0
2025-02-28,value_component,Value,1,ROLLING_IC_WEIGHT,36,2022-03-31,2025-02-28,0.0361534496,0.0861043152,75.0000000000,0.4198796483,0.2269294923,0.2384412732,0
2025-02-28,short_reversal_component,Short Reversal,1,ROLLING_IC_WEIGHT,36,2022-03-31,2025-02-28,0.0145362799,0.1148288870,47.2222222222,0.1265907936,0.0684176636,0.0446270784,0
2025-03-31,turnover_stability_component,Turnover Stability,1,ROLLING_IC_WEIGHT,36,2022-04-30,2025-03-31,0.0525990962,0.0759744701,72.2222222222,0.6923259374,0.3470463377,0.3302935187,0
2025-03-31,low_risk_component,Low Risk,1,ROLLING_IC_WEIGHT,36,2022-04-30,2025-03-31,0.0847264705,0.1231731057,77.7777777778,0.6878650174,0.3448101858,0.3368562679,0
2025-03-31,long_momentum_component,12-1 Momentum,1,ROLLING_IC_WEIGHT,36,2022-04-30,2025-03-31,0.0125615957,0.1858228076,58.3333333333,0.0675998594,0.0338861833,0.0524251793,0
2025-03-31,value_component,Value,1,ROLLING_IC_WEIGHT,36,2022-04-30,2025-03-31,0.0353010158,0.0834309921,75.0000000000,0.4231163376,0.2120980415,0.2305383037,0
2025-03-31,short_reversal_component,Short Reversal,1,ROLLING_IC_WEIGHT,36,2022-04-30,2025-03-31,0.0138381665,0.1115962588,47.2222222222,0.1240020642,0.0621592518,0.0498867304,0
2025-04-30,turnover_stability_component,Turnover Stability,1,ROLLING_IC_WEIGHT,36,2022-05-31,2025-04-30,0.0482872089,0.0751133302,69.4444444444,0.6428580495,0.3500000000,0.3362054631,0
2025-04-30,low_risk_component,Low Risk,1,ROLLING_IC_WEIGHT,36,2022-05-31,2025-04-30,0.0811854739,0.1203634944,77.7777777778,0.6745024673,0.3500000000,0.3407993875,0
2025-04-30,long_momentum_component,12-1 Momentum,1,ROLLING_IC_WEIGHT,36,2022-05-31,2025-04-30,0.0230062421,0.1844785374,61.1111111111,0.1247095866,0.0885757638,0.0632703546,0
2025-04-30,value_component,Value,1,ROLLING_IC_WEIGHT,36,2022-05-31,2025-04-30,0.0216591108,0.0965676154,72.2222222222,0.2242895899,0.1593030840,0.2091677378,0
2025-04-30,short_reversal_component,Short Reversal,1,ROLLING_IC_WEIGHT,36,2022-05-31,2025-04-30,0.0081366888,0.1108788630,47.2222222222,0.0733835877,0.0521211521,0.0505570569,0
2025-05-31,turnover_stability_component,Turnover Stability,1,ROLLING_IC_WEIGHT,36,2022-06-30,2025-05-31,0.0474840077,0.0730418212,69.4444444444,0.6500934249,0.3500000000,0.3403438242,0
2025-05-31,low_risk_component,Low Risk,1,ROLLING_IC_WEIGHT,36,2022-06-30,2025-05-31,0.0701562245,0.1253790457,77.7777777778,0.5595530269,0.3500000000,0.3435595713,0
2025-05-31,long_momentum_component,12-1 Momentum,1,ROLLING_IC_WEIGHT,36,2022-06-30,2025-05-31,0.0217622078,0.1792769080,61.1111111111,0.1213887946,0.1046741185,0.0756914838,0
2025-05-31,value_component,Value,1,ROLLING_IC_WEIGHT,36,2022-06-30,2025-05-31,0.0209696936,0.0929517780,72.2222222222,0.2255975520,0.1945338115,0.2047775599,0
2025-05-31,short_reversal_component,Short Reversal,1,ROLLING_IC_WEIGHT,36,2022-06-30,2025-05-31,0.0001032839,0.1124422881,47.2222222222,0.0009185501,0.0007920700,0.0356275608,0
2025-06-30,turnover_stability_component,Turnover Stability,1,ROLLING_IC_WEIGHT,36,2022-07-31,2025-06-30,0.0360671237,0.0849535722,69.4444444444,0.4245509956,0.3498423955,0.3431933956,0
2025-06-30,low_risk_component,Low Risk,1,ROLLING_IC_WEIGHT,36,2022-07-31,2025-06-30,0.0564258593,0.1341912362,77.7777777778,0.4204884081,0.3464947050,0.3444401114,0
2025-06-30,long_momentum_component,12-1 Momentum,1,ROLLING_IC_WEIGHT,36,2022-07-31,2025-06-30,0.0231671107,0.1739091031,63.8888888889,0.1332139047,0.1097721405,0.0859156808,0
2025-06-30,value_component,Value,1,ROLLING_IC_WEIGHT,36,2022-07-31,2025-06-30,0.0210156587,0.0893158366,75.0000000000,0.2352959956,0.1938907590,0.2015115196,0
2025-06-30,short_reversal_component,Short Reversal,1,ROLLING_IC_WEIGHT,36,2022-07-31,2025-06-30,-0.0020085532,0.1094726089,44.4444444444,0.0000000000,0.0000000000,0.0249392926,0
2025-07-31,turnover_stability_component,Turnover Stability,1,ROLLING_IC_WEIGHT,36,2022-08-31,2025-07-31,0.0308446833,0.0845517598,66.6666666667,0.3648023811,0.3356753825,0.3409379916,0
2025-07-31,low_risk_component,Low Risk,1,ROLLING_IC_WEIGHT,36,2022-08-31,2025-07-31,0.0484963216,0.1339701507,75.0000000000,0.3619934837,0.3330907565,0.3410353049,0
2025-07-31,long_momentum_component,12-1 Momentum,1,ROLLING_IC_WEIGHT,36,2022-08-31,2025-07-31,0.0061346059,0.1792805337,61.1111111111,0.0342179141,0.0314858454,0.0695867302,0
2025-07-31,value_component,Value,1,ROLLING_IC_WEIGHT,36,2022-08-31,2025-07-31,0.0309767488,0.0950914228,75.0000000000,0.3257575489,0.2997480156,0.2309824684,0
2025-07-31,short_reversal_component,Short Reversal,1,ROLLING_IC_WEIGHT,36,2022-08-31,2025-07-31,-0.0161299464,0.1131146406,41.6666666667,0.0000000000,0.0000000000,0.0174575048,0
2025-08-31,turnover_stability_component,Turnover Stability,1,ROLLING_IC_WEIGHT,36,2022-09-30,2025-08-31,0.0299390852,0.0819483355,66.6666666667,0.3653409796,0.3500000000,0.3436565942,0
2025-08-31,low_risk_component,Low Risk,1,ROLLING_IC_WEIGHT,36,2022-09-30,2025-08-31,0.0384499082,0.1344620476,72.2222222222,0.2859536121,0.3301196999,0.3377606234,0
2025-08-31,long_momentum_component,12-1 Momentum,1,ROLLING_IC_WEIGHT,36,2022-09-30,2025-08-31,0.0123450546,0.1760245801,61.1111111111,0.0701325611,0.0809646706,0.0730001123,0
2025-08-31,value_component,Value,1,ROLLING_IC_WEIGHT,36,2022-09-30,2025-08-31,0.0205826146,0.0994561939,72.2222222222,0.2069515611,0.2389156295,0.2333624167,0
2025-08-31,short_reversal_component,Short Reversal,1,ROLLING_IC_WEIGHT,36,2022-09-30,2025-08-31,-0.0134793940,0.1104254058,41.6666666667,0.0000000000,0.0000000000,0.0122202534,0
2025-09-30,turnover_stability_component,Turnover Stability,1,ROLLING_IC_WEIGHT,36,2022-10-31,2025-09-30,0.0266553125,0.0804204912,63.8888888889,0.3314492622,0.3500000000,0.3455596159,0
2025-09-30,low_risk_component,Low Risk,1,ROLLING_IC_WEIGHT,36,2022-10-31,2025-09-30,0.0346259970,0.1308163219,69.4444444444,0.2646917179,0.3500000000,0.3414324364,0
2025-09-30,long_momentum_component,12-1 Momentum,1,ROLLING_IC_WEIGHT,36,2022-10-31,2025-09-30,0.0105067953,0.1710521257,58.3333333333,0.0614245236,0.0915758514,0.0785728341,0
2025-09-30,value_component,Value,1,ROLLING_IC_WEIGHT,36,2022-10-31,2025-09-30,0.0139741545,0.0999577963,69.4444444444,0.1398005460,0.2084241486,0.2258809363,0
2025-09-30,short_reversal_component,Short Reversal,1,ROLLING_IC_WEIGHT,36,2022-10-31,2025-09-30,-0.0158376443,0.1076698217,41.6666666667,0.0000000000,0.0000000000,0.0085541774,0
2025-10-31,turnover_stability_component,Turnover Stability,1,ROLLING_IC_WEIGHT,36,2022-11-30,2025-10-31,0.0277481954,0.0782535635,63.8888888889,0.3545933771,0.3500000000,0.3468917311,0
2025-10-31,low_risk_component,Low Risk,1,ROLLING_IC_WEIGHT,36,2022-11-30,2025-10-31,0.0371053604,0.1274290510,69.4444444444,0.2911844676,0.3453104905,0.3425958526,0
2025-10-31,long_momentum_component,12-1 Momentum,1,ROLLING_IC_WEIGHT,36,2022-11-30,2025-10-31,0.0062793124,0.1670842697,58.3333333333,0.0375817092,0.0445674817,0.0683712283,0
2025-10-31,value_component,Value,1,ROLLING_IC_WEIGHT,36,2022-11-30,2025-10-31,0.0224849339,0.1025075967,69.4444444444,0.2193489520,0.2601220279,0.2361532638,0
2025-10-31,short_reversal_component,Short Reversal,1,ROLLING_IC_WEIGHT,36,2022-11-30,2025-10-31,-0.0065200804,0.1113522645,41.6666666667,0.0000000000,0.0000000000,0.0059879242,0
2025-11-30,turnover_stability_component,Turnover Stability,1,ROLLING_IC_WEIGHT,36,2022-12-31,2025-11-30,0.0295314077,0.0761696559,63.8888888889,0.3877056723,0.3500000000,0.3478242118,0
2025-11-30,low_risk_component,Low Risk,1,ROLLING_IC_WEIGHT,36,2022-12-31,2025-11-30,0.0469406645,0.1289090724,72.2222222222,0.3641377884,0.3500000000,0.3448170968,0
2025-11-30,long_momentum_component,12-1 Momentum,1,ROLLING_IC_WEIGHT,36,2022-12-31,2025-11-30,0.0029990162,0.1626481805,58.3333333333,0.0184386702,0.0183750385,0.0533723714,0
2025-11-30,value_component,Value,1,ROLLING_IC_WEIGHT,36,2022-12-31,2025-11-30,0.0291714849,0.1032252754,69.4444444444,0.2826002134,0.2816249615,0.2497947731,0
2025-11-30,short_reversal_component,Short Reversal,1,ROLLING_IC_WEIGHT,36,2022-12-31,2025-11-30,-0.0096564859,0.1070468641,38.8888888889,0.0000000000,0.0000000000,0.0041915469,0
2025-12-31,turnover_stability_component,Turnover Stability,1,ROLLING_IC_WEIGHT,36,2023-01-31,2025-12-31,0.0357558351,0.0773083114,66.6666666667,0.4625095866,0.3500000000,0.3484769483,0
2025-12-31,low_risk_component,Low Risk,1,ROLLING_IC_WEIGHT,36,2023-01-31,2025-12-31,0.0457873196,0.1253258304,72.2222222222,0.3653462294,0.3441322832,0.3446116527,0
2025-12-31,long_momentum_component,12-1 Momentum,1,ROLLING_IC_WEIGHT,36,2023-01-31,2025-12-31,0.0090043355,0.1588083721,61.1111111111,0.0566993755,0.0534071080,0.0533827924,0
2025-12-31,value_component,Value,1,ROLLING_IC_WEIGHT,36,2023-01-31,2025-12-31,0.0269839992,0.1006777443,66.6666666667,0.2680234782,0.2524606088,0.2505945238,0
2025-12-31,short_reversal_component,Short Reversal,1,ROLLING_IC_WEIGHT,36,2023-01-31,2025-12-31,-0.0101297041,0.1037790020,38.8888888889,0.0000000000,0.0000000000,0.0029340828,0
2026-01-31,turnover_stability_component,Turnover Stability,1,ROLLING_IC_WEIGHT,36,2023-02-28,2026-01-31,0.0351370990,0.0750413882,69.4444444444,0.4682362606,0.3500000000,0.3489338638,0
2026-01-31,low_risk_component,Low Risk,1,ROLLING_IC_WEIGHT,36,2023-02-28,2026-01-31,0.0481599132,0.1214854081,75.0000000000,0.3964254963,0.3500000000,0.3462281569,0
2026-01-31,long_momentum_component,12-1 Momentum,1,ROLLING_IC_WEIGHT,36,2023-02-28,2026-01-31,0.0099138366,0.1531175428,61.1111111111,0.0647465759,0.0594117717,0.0551914862,0
2026-01-31,value_component,Value,1,ROLLING_IC_WEIGHT,36,2023-02-28,2026-01-31,0.0255479608,0.0974400650,66.6666666667,0.2621915414,0.2405882283,0.2475926352,0
2026-01-31,short_reversal_component,Short Reversal,1,ROLLING_IC_WEIGHT,36,2023-02-28,2026-01-31,-0.0112574577,0.0995198012,36.1111111111,0.0000000000,0.0000000000,0.0020538580,0
2026-02-28,turnover_stability_component,Turnover Stability,1,ROLLING_IC_WEIGHT,36,2023-03-31,2026-02-28,0.0302330250,0.0696848694,66.6666666667,0.4338535070,0.3500000000,0.3492537046,0
2026-02-28,low_risk_component,Low Risk,1,ROLLING_IC_WEIGHT,36,2023-03-31,2026-02-28,0.0452256788,0.1151079996,75.0000000000,0.3928977913,0.3313265306,0.3417576690,0
2026-02-28,long_momentum_component,12-1 Momentum,1,ROLLING_IC_WEIGHT,36,2023-03-31,2026-02-28,0.0124190222,0.1491086532,61.1111111111,0.0832884072,0.0702362284,0.0597049088,0
2026-02-28,value_component,Value,1,ROLLING_IC_WEIGHT,36,2023-03-31,2026-02-28,0.0274318203,0.0931139081,66.6666666667,0.2946049720,0.2484372410,0.2478460169,0
2026-02-28,short_reversal_component,Short Reversal,1,ROLLING_IC_WEIGHT,36,2023-03-31,2026-02-28,-0.0052541264,0.0994401437,38.8888888889,0.0000000000,0.0000000000,0.0014377006,0
2026-03-31,turnover_stability_component,Turnover Stability,1,ROLLING_IC_WEIGHT,36,2023-04-30,2026-03-31,0.0317343049,0.0675381053,66.6666666667,0.4698725960,0.3500000000,0.3494775933,0
2026-03-31,low_risk_component,Low Risk,1,ROLLING_IC_WEIGHT,36,2023-04-30,2026-03-31,0.0498411884,0.1131827688,75.0000000000,0.4403602148,0.3421333322,0.3418703680,0
2026-03-31,long_momentum_component,12-1 Momentum,1,ROLLING_IC_WEIGHT,36,2023-04-30,2026-03-31,0.0128228969,0.1448670257,61.1111111111,0.0885149453,0.0687707748,0.0624246686,0
2026-03-31,value_component,Value,1,ROLLING_IC_WEIGHT,36,2023-04-30,2026-03-31,0.0272787368,0.0886419808,66.6666666667,0.3077406054,0.2390958930,0.2452209797,0
2026-03-31,short_reversal_component,Short Reversal,1,ROLLING_IC_WEIGHT,36,2023-04-30,2026-03-31,-0.0037031047,0.0964283426,41.6666666667,0.0000000000,0.0000000000,0.0010063904,0
2026-04-30,turnover_stability_component,Turnover Stability,1,ROLLING_IC_WEIGHT,36,2023-05-31,2026-04-30,0.0250187457,0.0711019117,66.6666666667,0.3518716326,0.3500000000,0.3496343153,0
2026-04-30,low_risk_component,Low Risk,1,ROLLING_IC_WEIGHT,36,2023-05-31,2026-04-30,0.0372967042,0.1203190317,72.2222222222,0.3099817515,0.3274137870,0.3375333937,0
2026-04-30,long_momentum_component,12-1 Momentum,1,ROLLING_IC_WEIGHT,36,2023-05-31,2026-04-30,0.0166825460,0.1414372084,61.1111111111,0.1179501925,0.1245832022,0.0810722287,0
2026-04-30,value_component,Value,1,ROLLING_IC_WEIGHT,36,2023-05-31,2026-04-30,0.0155430549,0.0951749991,63.8888888889,0.1633102713,0.1724941360,0.2234029266,0
2026-04-30,short_reversal_component,Short Reversal,1,ROLLING_IC_WEIGHT,36,2023-05-31,2026-04-30,0.0023232324,0.0961971441,44.4444444444,0.0241507414,0.0255088748,0.0083571357,0
2026-05-31,turnover_stability_component,Turnover Stability,1,ROLLING_IC_WEIGHT,36,2023-06-30,2026-05-31,0.0258734376,0.0691272871,66.6666666667,0.3742868943,0.3500000000,0.3497440207,0
2026-05-31,low_risk_component,Low Risk,1,ROLLING_IC_WEIGHT,36,2023-06-30,2026-05-31,0.0292437667,0.1206424011,69.4444444444,0.2424004038,0.2904929135,0.3234212496,0
2026-05-31,long_momentum_component,12-1 Momentum,1,ROLLING_IC_WEIGHT,36,2023-06-30,2026-05-31,0.0175990112,0.1372215664,61.1111111111,0.1282525168,0.1536979587,0.1028599477,0
2026-05-31,value_component,Value,1,ROLLING_IC_WEIGHT,36,2023-06-30,2026-05-31,0.0128767597,0.0925142763,61.1111111111,0.1391867309,0.1668015331,0.2064225086,0
2026-05-31,short_reversal_component,Short Reversal,1,ROLLING_IC_WEIGHT,36,2023-06-30,2026-05-31,0.0030397943,0.0933893237,47.2222222222,0.0325496984,0.0390075947,0.0175522734,0
2026-06-30,turnover_stability_component,Turnover Stability,1,ROLLING_IC_WEIGHT,36,2023-07-31,2026-06-30,0.0166332433,0.0762513238,66.6666666667,0.2181371082,0.3414530614,0.3472567329,0
2026-06-30,low_risk_component,Low Risk,1,ROLLING_IC_WEIGHT,36,2023-07-31,2026-06-30,0.0195012291,0.1233560966,69.4444444444,0.1580888958,0.2474587560,0.3006325015,0
2026-06-30,long_momentum_component,12-1 Momentum,1,ROLLING_IC_WEIGHT,36,2023-07-31,2026-06-30,0.0162285925,0.1333890673,58.3333333333,0.1216635879,0.1904417129,0.1291344773,0
2026-06-30,value_component,Value,1,ROLLING_IC_WEIGHT,36,2023-07-31,2026-06-30,0.0054259680,0.0941436993,58.3333333333,0.0576349560,0.0902168013,0.1715607964,0
2026-06-30,short_reversal_component,Short Reversal,1,ROLLING_IC_WEIGHT,36,2023-07-31,2026-06-30,0.0077249310,0.0927085261,47.2222222222,0.0833249248,0.1304296683,0.0514154919,0
2026-07-31,turnover_stability_component,Turnover Stability,1,ROLLING_IC_WEIGHT,36,2023-08-31,2026-07-31,0.0353714926,0.1030963196,66.6666666667,0.3430917106,0.3294843563,0.3419250199,0
2026-07-31,low_risk_component,Low Risk,1,ROLLING_IC_WEIGHT,36,2023-08-31,2026-07-31,0.0404904063,0.1450927695,69.4444444444,0.2790656379,0.2679976206,0.2908420373,0
2026-07-31,long_momentum_component,12-1 Momentum,1,ROLLING_IC_WEIGHT,36,2023-08-31,2026-07-31,-0.0032570212,0.1509227582,58.3333333333,0.0000000000,0.0000000000,0.0903941341,0
2026-07-31,value_component,Value,1,ROLLING_IC_WEIGHT,36,2023-08-31,2026-07-31,0.0281251442,0.1289062615,58.3333333333,0.2181829173,0.2095295685,0.1829514280,0
2026-07-31,short_reversal_component,Short Reversal,1,ROLLING_IC_WEIGHT,36,2023-08-31,2026-07-31,0.0211128582,0.1050606967,47.2222222222,0.2009586729,0.1929884546,0.0938873807,0
2026-08-31,turnover_stability_component,Turnover Stability,1,ROLLING_IC_WEIGHT,36,2023-09-30,2026-08-31,0.0258687843,0.1045988183,63.8888888889,0.2473143076,0.2801439024,0.3233906847,0
2026-08-31,low_risk_component,Low Risk,1,ROLLING_IC_WEIGHT,36,2023-09-30,2026-08-31,0.0192016881,0.1606519140,66.6666666667,0.1195235564,0.1353896418,0.2442063186,0
2026-08-31,long_momentum_component,12-1 Momentum,1,ROLLING_IC_WEIGHT,36,2023-09-30,2026-08-31,0.0120631313,0.1593976026,58.3333333333,0.0756795026,0.0857255344,0.0889935542,0
2026-08-31,value_component,Value,1,ROLLING_IC_WEIGHT,36,2023-09-30,2026-08-31,0.0183046279,0.1308550196,55.5555555556,0.1398847973,0.1584537239,0.1756021168,0
2026-08-31,short_reversal_component,Short Reversal,1,ROLLING_IC_WEIGHT,36,2023-09-30,2026-08-31,0.0347090442,0.1155390991,47.2222222222,0.3004095107,0.3402871976,0.1678073257,0
2026-09-08,turnover_stability_component,Turnover Stability,1,ROLLING_IC_WEIGHT,36,2023-10-31,2026-09-08,0.0268681014,0.1015651329,66.6666666667,0.2645406018,0.2768534997,0.3094295292,0
2026-09-08,low_risk_component,Low Risk,1,ROLLING_IC_WEIGHT,36,2023-10-31,2026-09-08,0.0273990295,0.1595691958,66.6666666667,0.1717062580,0.1796982320,0.2248538926,0
2026-09-08,long_momentum_component,12-1 Momentum,1,ROLLING_IC_WEIGHT,36,2023-10-31,2026-09-08,0.0099874894,0.1546374129,55.5555555556,0.0645865011,0.0675926446,0.0825732813,0
2026-09-08,value_component,Value,1,ROLLING_IC_WEIGHT,36,2023-10-31,2026-09-08,0.0222127743,0.1280828447,55.5555555556,0.1734250539,0.1814970284,0.1773705903,0
2026-09-08,short_reversal_component,Short Reversal,1,ROLLING_IC_WEIGHT,36,2023-10-31,2026-09-08,0.0317264231,0.1127981744,47.2222222222,0.2812671686,0.2943585954,0.2057727066,0
